# SN64 v2 pin map; source Lattice ECP5U-85 pinout CSV rev 1.0 (CABGA381), sha256 c97b21eca6f07893c6e4643a74221436c889c2580238537e9f679a7731ca45a3
ball,bank,function,ring,rtl_port,net,iotype
A10,0,PT63A,1,n64_ad[4],N64_AD4,LVCMOS33
A11,0,PT63B,1,n64_ad[5],N64_AD5,LVCMOS33
A6,0,PT4A,1,n64_ad[0],N64_AD0,LVCMOS33
A7,0,PT18A,1,n64_ad[1],N64_AD1,LVCMOS33
A8,0,PT18B,1,n64_ad[2],N64_AD2,LVCMOS33
A9,0,PT60A,1,n64_ad[3],N64_AD3,LVCMOS33
B10,0,PT60B,2,n64_read_n,N64_READ_N,LVCMOS33
B11,0,PT65A,2,n64_write_n,N64_WRITE_N,LVCMOS33
B6,0,PT4B,2,n64_ad[15],N64_AD15,LVCMOS33
B8,0,PT15B,2,n64_alel,N64_ALE_L,LVCMOS33
B9,0,PT58A,2,n64_aleh,N64_ALE_H,LVCMOS33
C10,0,PT58B,3,led_status,LED,LVCMOS33
C11,0,PT65B,3,mux_status,MUX_ST,LVCMOS33
C6,0,PT11A,3,n64_si_dq,N64_JOYBUS,LVCMOS33
C7,0,PT11B,3,board_reset_n,BOARD_RESET_N,LVCMOS33
C8,0,PT15A,3,cart_5v_enable,CART_5V_EN,LVCMOS33
A12,1,PT76A,1,n64_ad[6],N64_AD6,LVCMOS33
A13,1,PT76B,1,n64_ad[7],N64_AD7,LVCMOS33
A14,1,PT83A,1,n64_ad[8],N64_AD8,LVCMOS33
A15,1,PT103A,1,n64_ad[9],N64_AD9,LVCMOS33
A16,1,PT110A,1,n64_ad[10],N64_AD10,LVCMOS33
A17,1,PT116A,1,n64_ad[11],N64_AD11,LVCMOS33
A18,1,PT119A,1,n64_ad[12],N64_AD12,LVCMOS33
A19,1,PT121A,1,n64_ad[13],N64_AD13,LVCMOS33
B20,1,PT121B,1,n64_ad[14],N64_AD14,LVCMOS33
B12,1,PT71A,2,osc_27,OSC_27,LVCMOS33
B13,1,PT78A,2,n64_reset_n,N64_RESET_N,LVCMOS33
B15,1,PT105A,2,n64_nmi_n,N64_NMI_N,LVCMOS33
B16,1,PT110B,2,n64_int_n,N64_INT_N,LVCMOS33
B17,1,PT114A,2,n64_cic_clk,N64_CIC_CLK,LVCMOS33
B18,1,PT116B,2,n64_cic_dq,N64_CIC_DATA,LVCMOS33
B19,1,PT119B,2,n64_si_clk,N64_PIF_CLK,LVCMOS33
C15,1,PT105B,3,adc_scl,ADC_SCL,LVCMOS33
C16,1,PT112A,3,adc_sda,ADC_SDA,LVCMOS33
C17,1,PT114B,3,efuse_fault_n,EFUSE_FAULT_N,LVCMOS33
C20,2,PR35A,1,cart_data[0],L_D0,LVCMOS33
D20,2,PR35C,1,cart_data[1],L_D1,LVCMOS33
E20,2,PR38A,1,cart_data[2],L_D2,LVCMOS33
F20,2,PR38C,1,aud_l_cmp,AUD_L_P,LVDS
G20,2,PR38D,1,,AUD_L_N,LVDS_COMP
H20,2,PR41B,1,cart_data[3],L_D3,LVCMOS33
J20,2,PR44C,1,aud_r_cmp,AUD_R_P,LVDS
K20,2,PR44D,1,,AUD_R_N,LVDS_COMP
D19,2,PR35B,2,cart_pa[3],L_PA3,LVCMOS33
E19,2,PR35D,2,cart_pa[4],L_PA4,LVCMOS33
F19,2,PR38B,2,cart_pa[5],L_PA5,LVCMOS33
G19,2,PR41A,2,cart_pa[6],L_PA6,LVCMOS33
J19,2,PR44A,2,cart_pa[7],L_PA7,LVCMOS33
K19,2,PR44B,2,snes_cic_clk,L_CIC_CLK,LVCMOS33
C18,2,PR11A,3,cic_data0_od,CIC_DATA0_OD,LVCMOS33
D18,2,PR14A,3,cic_data1_od,CIC_DATA1_OD,LVCMOS33
E18,2,PR14C,3,reset_pull_od,RESET_PULL_OD,LVCMOS33
F18,2,PR14D,3,ctl_oe_n,CTL_OE_N,LVCMOS33
G18,2,PR17B,3,cic_oe_n,CIC_OE_N,LVCMOS33
H18,2,PR20A,3,data_oe_n,DATA_OE_N,LVCMOS33
J18,2,PR41C,3,data_dir,DATA_DIR,LVCMOS33
K18,2,PR41D,3,aud_l_fb,AUD_L_FB,LVCMOS33
L20,3,PR47A,1,cart_data[4],L_D4,LVCMOS33
M20,3,PR47B,1,cart_data[5],L_D5,LVCMOS33
N20,3,PR83B,1,cart_data[6],L_D6,LVCMOS33
P20,3,PR86A,1,cart_data[7],L_D7,LVCMOS33
R20,3,PR86B,1,cart_pa[0],L_PA0,LVCMOS33
T20,3,PR86C,1,cart_pa[1],L_PA1,LVCMOS33
U20,3,PR86D,1,cart_pa[2],L_PA2,LVCMOS33
L19,3,PR47C,2,snes_cic_slave_reset,L_CIC_SLAVE_RESET,LVCMOS33
M19,3,PR47D,2,cic_data0_in,L_CIC_DATA0_IN,LVCMOS33
N19,3,PR83A,2,cic_data1_in,L_CIC_DATA1_IN,LVCMOS33
P19,3,PR83C,2,cart_irq_n,L_IRQ_N,LVCMOS33
T19,3,PR89A,2,cart_reset_n_sense,L_RESET_N_SENSE,LVCMOS33
U19,3,PR89C,2,sense_oe_n,SENSE_OE_N,LVCMOS33
L18,3,PR50C,3,aud_r_fb,AUD_R_FB,LVCMOS33
V4,40,TDO,3,,JTAG_TDO,JTAG
U5,40,TMS,4,,JTAG_TMS,JTAG
R5,40,TDI,5,,JTAG_TDI,JTAG
T5,40,TCK,5,,JTAG_TCK,JTAG
F1,6,PL47B,1,cart_address[8],L_A8,LVCMOS33
G1,6,PL47D,1,cart_address[9],L_A9,LVCMOS33
H1,6,PL53C,1,cart_address[10],L_A10,LVCMOS33
J1,6,PL53B,1,cart_address[11],L_A11,LVCMOS33
K1,6,PL53D,1,cart_address[12],L_A12,LVCMOS33
L1,6,PL89C,1,cart_address[13],L_A13,LVCMOS33
M1,6,PL89B,1,cart_address[14],L_A14,LVCMOS33
N1,6,PL89D,1,cart_address[15],L_A15,LVCMOS33
P1,6,PL92A,1,cart_address[16],L_A16,LVCMOS33
G2,6,PL47A,2,cart_wr_n,L_WR_N,LVCMOS33
H2,6,PL47C,2,cart_prd_n,L_PRD_N,LVCMOS33
K2,6,PL53A,2,cart_pwr_n,L_PWR_N,LVCMOS33
L2,6,PL86D,2,cart_romsel_n,L_ROMSEL_N,LVCMOS33
N2,6,PL89A,2,cart_wramsel_n,L_WRAMSEL_N,LVCMOS33
P2,6,PL92B,2,cart_refresh,L_REFRESH,LVCMOS33
A2,7,PL35A,1,cart_address[0],L_A0,LVCMOS33
A3,7,PL14C,1,cart_address[1],L_A1,LVCMOS33
A4,7,PL11A,1,cart_address[2],L_A2,LVCMOS33
A5,7,PL11B,1,cart_address[3],L_A3,LVCMOS33
B1,7,PL35B,1,cart_address[4],L_A4,LVCMOS33
C1,7,PL38A,1,cart_address[5],L_A5,LVCMOS33
D1,7,PL38B,1,cart_address[6],L_A6,LVCMOS33
E1,7,PL38D,1,cart_address[7],L_A7,LVCMOS33
B2,7,PL35C,2,cart_address[17],L_A17,LVCMOS33
B3,7,PL14D,2,cart_address[18],L_A18,LVCMOS33
B4,7,PL14B,2,cart_address[19],L_A19,LVCMOS33
B5,7,PL11C,2,cart_address[20],L_A20,LVCMOS33
C2,7,PL35D,2,cart_address[21],L_A21,LVCMOS33
D2,7,PL38C,2,cart_address[22],L_A22,LVCMOS33
E2,7,PL44D,2,cart_address[23],L_A23,LVCMOS33
F2,7,PL44C,2,cart_rd_n,L_RD_N,LVCMOS33
C3,7,PL17C,3,cart_phi2,L_PHI2,LVCMOS33
C4,7,PL14A,3,cart_sysclk,L_SYSTEM_CLK,LVCMOS33
W1,8,PB9A,1,flash_dq[3],FLASH_D3,LVCMOS33
Y2,8,PB9B,1,flash_dq[2],FLASH_D2,LVCMOS33
Y3,8,DONE,1,,FPGA_DONE,CONFIG
R2,8,PB15A,2,flash_cs_n,FLASH_CS_N,LVCMOS33
V2,8,PB11A,2,flash_dq[1],FLASH_D1,LVCMOS33
W2,8,PB11B,2,flash_dq[0],FLASH_D0,LVCMOS33
W3,8,PROGRAMN,2,,FPGA_PROGRAMN,CONFIG
U3,8,CCLK,3,,FLASH_SCK,CONFIG
V3,8,INITN,3,,FPGA_INITN,CONFIG
R4,8,CFG_2,4,,FPGA_CFG2,CONFIG
T4,8,CFG_1,4,,FPGA_CFG1,CONFIG
U4,8,CFG_0,4,,FPGA_CFG0,CONFIG
