id,kind,item,rail,voltage_min_V,voltage_nom_V,voltage_max_V,current_min_mA,current_typ_mA,current_max_mA,quantity,status,conditions_or_unknowns,source
PWR-S01,source,Original N64 cartridge 3.3V,HOST_3V3,,3.3,,,,,1,unverified,Contacts9/17/34/42; allocation and tolerance unknown; no spare-current assumption,https://github.com/Polprzewodnikowy/SummerCart64/blob/a1e7996d2cbece686820a5c785029c68514f17b0/hw/pcb/sc64v2.kicad_sch
PWR-S02,source,Original N64 cartridge 12V,HOST_12V,,12,,,,,1,unverified,Contacts13/38; SC64 does not use; current unknown; leave isolated,https://github.com/Polprzewodnikowy/SummerCart64/blob/a1e7996d2cbece686820a5c785029c68514f17b0/hw/pcb/sc64v2.kicad_sch
PWR-S03,source_limit_setting,M64 cartridge switch U33 R191,HOST_3V3,,3.3,,,500,,1,schematic_setting_only,Page28 TPS2553DRVR R19141.2k annotated500mA; not a load nor guaranteed current;1.65W nominal scale,https://cdn.shopify.com/s/files/1/0829/2034/1806/files/M64_MLB_SCH.pdf?v=1786637413
PWR-S04,source,M64 MCU-enabled TLV61046A U25,HOST_12V,,12,,,,,1,unverified,Page29; enable policy/output allocation unknown; switch rating not output current,https://cdn.shopify.com/s/files/1/0829/2034/1806/files/M64_MLB_SCH.pdf?v=1786637413
PWR-S05,source_policy,USB2 before configuration,USB_VBUS,,5,,,,100,1,protocol_ceiling_not_load,Whole function in default-current case; startup proof pending,https://www.ti.com/lit/an/slyt118/slyt118.pdf
PWR-S06,source_policy,USB2 configured high-power,USB_VBUS,,5,,,,500,1,conditional_protocol_ceiling,Requires accepted descriptor; blank EEPROM does not establish allowance,https://www.ti.com/lit/an/slyt118/slyt118.pdf
PWR-S07,source_policy,Type-C advertised current,USB_VBUS,,5,,,,1500,1,conditional_advertised_ceiling,Requires attached current-class detection; not granted by Rd alone,https://www.ti.com/lit/ds/symlink/tusb320.pdf
PWR-S08,source_policy,Type-C advertised current,USB_VBUS,,5,,,,3000,1,conditional_advertised_ceiling,Requires attached current-class detection; not granted by Rd alone,https://www.ti.com/lit/ds/symlink/tusb320.pdf
PWR-S09,source,M64 accessory USB-C J3 via U24,USB_VBUS,,5,,,,,1,schematic_only_allowance_unverified,Page6/22 VBUS_CONN_2; TPS25821 CHG low via R14910k and R145DNP; standard-current advertisement; MCU enable; actual configuration and current allowance unverified,https://cdn.shopify.com/s/files/1/0829/2034/1806/files/M64_MLB_SCH.pdf?v=1786637413
PWR-S10,alternative_source,M64 accessory USB-C J2 via U22,USB_VBUS,,5,,,,,1,schematic_only_allowance_unverified,Page6/22 VBUS_CONN_3; TPS25821 CHG low via R14410k and R78DNP; standard-current advertisement; use one port not paralleled outputs,https://cdn.shopify.com/s/files/1/0829/2034/1806/files/M64_MLB_SCH.pdf?v=1786637413
PWR-S11,protection_threshold_not_allowance,M64 TPS25821 overload threshold,USB_VBUS,,5,,1600,1720,1840,1,datasheet_conditions_only,RevC table6.5 RREF100k; per source switch; not usable-current permission; actual M64 REF resistor tolerance and thermal conditions need qualification,https://www.ti.com/lit/ds/symlink/tps25821.pdf
PWR-S12,component_rating_not_spare_budget,M64 shared TPS51385 U31,V_5P0_SYS,,5,,,,7000,1,manufacturer_component_rating_only,Page28 shared converter also feeds console loads; input PD contract and dissipation constrain system; available accessory current unknown,https://www.ti.com/product/TPS51385
PWR-S13,source_policy,M64 standard USB current configuration,USB_VBUS,,5,,,,500,1,conditional_protocol_ceiling_not_granted,M64 fitted CHG straps select STD; USB2 configured high-power ceiling only after host accepts descriptor; preconfiguration and suspend limits still apply; no1.5Aor3A evidence,docs/design/power-architecture.md
PWR-L01,characterized_parameter_not_total,FT232HL revC regulator input,USB_3V3,3.0,3.3,3.6,,52,,1,datasheet_typical_only,v2.2 table5.2 Ireg at3.3V; no max; split among external VCCD/VCCIO/VPHY/VPLL inputs unresolved; not a verified whole-bridge total,https://www.ftdichip.cn/Support/Documents/DataSheets/ICs/DS_FT232H.pdf
PWR-L02,subload_not_additive,FT232H PHY detail,FT_VPHY,3.0,3.3,3.6,,30,60,1,datasheet,Table5.4 high-speed PHY parameter; do not blindly sum with Ireg; reconcile exact3.3V supply topology,https://www.ftdichip.cn/Support/Documents/DataSheets/ICs/DS_FT232H.pdf
PWR-L03,load,AP2112 losses/quiescent,USB_VBUS,,5,,,,,1,unverified,Dissipation=(VBUS-3.3)*load plus IQ; exact part conditions to close,https://www.diodes.com/datasheet/download/AP2112.pdf
PWR-L04,load,JTAG translator and pulls,USB_3V3/TARGET_VREF,,3.3,,,,,1,unverified,Depends on JTAG rate and selected target rail,https://www.ti.com/lit/ds/symlink/sn74axc4t774.pdf
PWR-L05,load,Optional FTDI EEPROM,USB_3V3,,3.3,,,,,0,DNP_default,Add standby/write load if populated,docs/design/usb-programming-architecture.md
PWR-L06,load,CC detector/power policy,USB_3V3,,3.3,,,,,1,unverified,TUSB320 candidate GPIO mode; include pullups,https://www.ti.com/lit/ds/symlink/tusb320.pdf
PWR-L07,load,FPGA core blank/configure/run,FPGA_1V1,1.045,1.1,1.155,,212,,1,datasheet_static_typical_only,LFE5U-85F static ICC typical (FPGA-DS-02012-3.4 Table 3.8); dynamic/configuration current needs the Lattice Power Calculator and measurement; regulator TLV62569 2 A is sizing not demand,https://www.latticesemi.com/view_document?document_id=50461
PWR-L08,load,FPGA auxiliary/configuration,FPGA_2V5,2.375,2.5,2.625,,26,,1,datasheet_static_typical_only,LFE5U-85F static ICCAUX typical (FPGA-DS-02012-3.4 Table 3.8); dynamic pending,https://www.latticesemi.com/view_document?document_id=50461
PWR-L09,load,FPGA I/O banks,FPGA_3V3,,3.3,3.465,,0.5,,1,datasheet_static_typical_only,Static ICCIO typical PER BANK (FPGA-DS-02012-3.4 Table 3.8); bank count and switching current pending,https://www.latticesemi.com/view_document?document_id=50461
PWR-L10,load,Configuration flash,TARGET_3V3,,,,,,,1,unverified,Part/core/activity/quantity pending; no numeric estimate claimed,docs/design/power-architecture.md
PWR-L11,load,External memory if selected,MEMORY_RAILS,,,,,,,1,unverified,Part/core/activity/quantity pending; no numeric estimate claimed,docs/design/power-architecture.md
PWR-L12,load,Host bridge/CIC/control,HOST_OR_TARGET_3V3,,,,,,,1,unverified,Part/core/activity/quantity pending; no numeric estimate claimed,docs/design/power-architecture.md
PWR-L13,load,A/V and clock devices,AV_RAILS,,,,,,,1,unverified,Part/core/activity/quantity pending; no numeric estimate claimed,docs/design/power-architecture.md
PWR-L14,load,Indicators/user inputs,TARGET_3V3,,,,,,,1,unverified,Part/core/activity/quantity pending; no numeric estimate claimed,docs/design/power-architecture.md
PWR-L15,alternative_cartridge_load,Original/expansion SNES cartridges,SNES_5V_CART,,5,,,,,1,nominal_voltage_current_unknown,One inserted cart; current/inrush unknown; do not sum mutually exclusive carts; numeric primary evidence not established,https://github.com/starlightk7/OpenSFC/blob/6574450b1a4594b2aae436cf23869b0fb5808ce8/Motherboards/SHVC-CPU-01/Rev%20A/SHVC-CPU-01-Front.kicad_sch
PWR-L16,alternative_cartridge_load,FXPAK Pro,SNES_5V_CART,,5,,,,,1,nominal_voltage_current_unknown,One inserted cart; current/inrush unknown; do not sum mutually exclusive carts; numeric primary evidence not established,https://krikzz.com/our-products/cartridges/fxpak-pro.html
PWR-L17,alternative_cartridge_load,Super EverDrive X5,SNES_5V_CART,,5,,,,,1,nominal_voltage_current_unknown,One inserted cart; current/inrush unknown; do not sum mutually exclusive carts; numeric primary evidence not established,docs/design/power-architecture.md
PWR-L18,alternative_cartridge_load,Super EverDrive X6,SNES_5V_CART,,5,,,,,1,nominal_voltage_current_unknown,One inserted cart; current/inrush unknown; do not sum mutually exclusive carts; numeric primary evidence not established,https://krikzz.com/our-products/cartridges/super-everdrive-x6.html
PWR-L19,load,SN74LVC4245A A-side static/package,SNES_5V_CART,4.5,5,5.5,,,0.018,,datasheet_static_only,RevK ICCA no-load; dynamic/TTL input delta excluded; quantity TBD,https://www.ti.com/lit/ds/symlink/sn74lvc4245a.pdf
PWR-L20,load,SN74LVC4245A B-side static/package,INTERFACE_3V3,2.7,3.3,3.6,,,0.015,,datasheet_static_only,RevK ICCB no-load; dynamic/input-level delta excluded; quantity TBD,https://www.ti.com/lit/ds/symlink/sn74lvc4245a.pdf
PWR-L21,load,Cartridge eFuse quiescent U309,5V_PRE,,5,,,0.428,0.61,1,datasheet_conditions_VIN12V,TPS259470x IQ(ON) at VIN=12 V (SLVSFC9C Table 6.5); 5 V value unverified; add conduction/inrush losses,https://www.ti.com/lit/ds/symlink/tps25947.pdf
PWR-L22,load,Socket voltage monitor U314,FPGA_3V3,1.8,3.3,18,,0.0055,0.011,1,datasheet_VDD1V8_values,TPS3700 IDD 5.5 typ/11 max uA at VDD=1.8 V and 6/13 uA at 5 V (SBVS187G); divider current in PWR-L25,https://www.ti.com/lit/ds/symlink/tps3700.pdf
PWR-L23,load,Regulator losses and quiescent,ALL_SYSTEM_RAILS,,,,,,,1,unverified,Input=sum(output_power/efficiency)+IQ; no assumed efficiency used,docs/design/power-architecture.md
PWR-L24,transient_load,Capacitance charging,USB_VBUS/HOST_3V3/5V_PRE,,,,,,,1,unverified,I=C*dV/dt; capacitance/slew pending; startup and SD peaks need measurement,https://www.ti.com/lit/ds/symlink/tps25947.pdf
PWR-L25,load,Pullups/discharge/dividers,ALL_SYSTEM_RAILS,,,,,,,1,derived_partial,Computed V/R per state in docs/design/power-schematic.md (e.g. efuse_fault_n divider 156 uA on 5V_PRE; monitor strings 6-12 uA each); not summed into a total,docs/design/power-schematic.md
PWR-L26,load,USB input eFuse U302 quiescent,USB_VBUS,,5,,,0.428,0.61,1,datasheet_conditions_VIN12V,TPS259470x IQ(ON) at VIN=12 V (SLVSFC9C Table 6.5); 5 V value unverified,https://www.ti.com/lit/ds/symlink/tps25947.pdf
PWR-L27,load,Host input eFuse U303 quiescent,HOST_3V3,,3.3,,,0.428,0.61,1,datasheet_conditions_VIN12V,IQ(ON) when host path active; when USB has priority EN is clamped and ISD 4.4 typ/28.7 max uA applies (SLVSFC9C Table 6.5); 3.3 V values unverified,https://www.ti.com/lit/ds/symlink/tps25947.pdf
PWR-L28,load,Rail window monitors U310-U313 U315,FPGA_3V3,1.8,3.3,18,,0.0055,0.011,5,datasheet_VDD1V8_values,TPS3700 IDD per device (SBVS187G); dividers in PWR-L25,https://www.ti.com/lit/ds/symlink/tps3700.pdf
PWR-L29,load,Reset supervisor U316,FPGA_3V3,1.7,3.3,6.5,,0.0024,,1,datasheet_typical_only,TPS3808G01 quiescent 2.4 uA typical (SBVS050N features); SENSE divider 4.4 uA,https://www.ti.com/lit/ds/symlink/tps3808.pdf
PWR-L30,load,Temperature switch U317,FPGA_3V3,1.4,3.3,3.6,,,0.015,1,datasheet_max,TMP302 15 uA maximum (SBOS488E); OUT pull-up 47k adds 70 uA only when hot,https://www.ti.com/lit/ds/symlink/tmp302.pdf
PWR-T01,total,USB initial-load total,USB_VBUS,,,,,,,1,NOT_CLOSED,Cart off; needs FPGA loads/source class/overhead/inrush/margin,docs/design/power-architecture.md
PWR-T02,total,Worst-case gameplay total,SELECTED_INPUT,,,,,,,1,NOT_CLOSED,Core+one worst cart+A/V+host interface+losses; host-only unresolved,docs/design/power-architecture.md
PWR-T03,total,M64 short USB-C cable supplemental play,USB_VBUS/HOST_3V3,,,,,,,1,NOT_CLOSED,Qualify one accessory port CC and enumeration; measure input current/drop with other port loaded; no sum of outputs or protection-trip allowance; original N64 requires separate USB source if supplemental power needed,docs/design/power-architecture.md
PWR-L31,load,Si5351A core (IDD),FPGA_3V3,,3.3,,,24,38,1,datasheet,"Si5351-B Rev 1.3 IDD, 'Enabled 4 outputs' condition (10-MSOP has 3)",https://www.skyworksinc.com/-/media/Skyworks/SL/documents/public/data-sheets/Si5351-B.pdf
PWR-L32,load,Si5351A output buffers (IDDOx),FPGA_3V3,,3.3,,,2.2,5.6,3,datasheet,CL = 5 pF per output; CLK0/1/2 running,https://www.skyworksinc.com/-/media/Skyworks/SL/documents/public/data-sheets/Si5351-B.pdf
PWR-L33,load,25 MHz oscillator CJO05-250003320B30 (X701),FPGA_3V3,2.97,3.3,3.63,,,10,1,datasheet_max_only,15 pF load,https://wmsc.lcsc.com/wmsc/upload/file/pdf/v2/lcsc/2104221204_Jiangsu-Changjing-Electronics-Technology-Co---Ltd--CJO05-250003320B30_C712741.pdf
PWR-L34,load,12.288 MHz oscillator CJO05-122883320B30 (X702),FPGA_3V3,2.97,3.3,3.63,,,10,1,datasheet_max_only,15 pF load,https://wmsc.lcsc.com/wmsc/upload/file/pdf/v2/lcsc/2009031207_Jiangsu-Changjing-Electronics-Technology-Co---Ltd--CJ005-122883320B30_C712747.pdf
PWR-L35,load,PCM1808 digital (IDD),FPGA_3V3,2.7,3.3,3.6,,5.9,8,1,datasheet,fs = 48 kHz row (SN64 runs 32 kHz),https://www.ti.com/lit/ds/symlink/pcm1808.pdf
PWR-L36,load,PCM1808 analog (ICC) via FB701,5V_PRE,4.5,5,5.5,,8.6,11,1,datasheet,fs = 48/96 kHz row,https://www.ti.com/lit/ds/symlink/pcm1808.pdf
