"pin","signal","direction","domain","notes","source"
"1","SYSTEM_CLK","out","5V cartridge logic","console timing; outer_enhancement_peripheral; 5V timing output; preserve original timing relationship; enable only with valid rails.  OpenSFC P1 label=SYS_CLK_1, net=SCLK; sd2snes label=SYS_CLK; Sanni label=21.477MHz_Clock.","https://github.com/starlightk7/OpenSFC/tree/6574450b1a4594b2aae436cf23869b0fb5808ce8/Motherboards/SHVC-CPU-01/Rev%20A ; https://github.com/mrehkopf/sd2snes/blob/cf7e21d7a5978fcd74981d71c3cfbf6e982a4dd1/pcb/kicad/RevF/sd2snes.net ; https://github.com/sanni/cartreader/blob/060d8ae0bf4be40bfc6a368bf6fbf7b594b3884d/hardware/snes_adapter/snes_adapter.kicad_pcb"
"2","EXPAND","passive_bidirectional","5V cartridge logic","expansion link; outer_enhancement_peripheral; Preserve pulled-up/open connection behavior; no unconditional push-pull drive. OpenSFC links P1.2 to expansion P6.24 and pull-up R97; generic connector pin type alone is misleading. No dedicated expansion port selected for SN64. OpenSFC P1 label=EXPAND_2, net=EXP; sd2snes label=EXPAND; Sanni label=Expand.","https://github.com/starlightk7/OpenSFC/tree/6574450b1a4594b2aae436cf23869b0fb5808ce8/Motherboards/SHVC-CPU-01/Rev%20A ; https://github.com/mrehkopf/sd2snes/blob/cf7e21d7a5978fcd74981d71c3cfbf6e982a4dd1/pcb/kicad/RevF/sd2snes.net ; https://github.com/sanni/cartreader/blob/060d8ae0bf4be40bfc6a368bf6fbf7b594b3884d/hardware/snes_adapter/snes_adapter.kicad_pcb"
"3","PA6","out","5V cartridge logic","B-bus/peripheral address; outer_enhancement_peripheral; Direction-controlled 5V output; disabled/high-Z while cartridge power is off.  OpenSFC P1 label=PA6_3, net=PA6; sd2snes label=PA6; Sanni label=PA6.","https://github.com/starlightk7/OpenSFC/tree/6574450b1a4594b2aae436cf23869b0fb5808ce8/Motherboards/SHVC-CPU-01/Rev%20A ; https://github.com/mrehkopf/sd2snes/blob/cf7e21d7a5978fcd74981d71c3cfbf6e982a4dd1/pcb/kicad/RevF/sd2snes.net ; https://github.com/sanni/cartreader/blob/060d8ae0bf4be40bfc6a368bf6fbf7b594b3884d/hardware/snes_adapter/snes_adapter.kicad_pcb"
"4","/PRD","out","5V cartridge logic","B-bus/peripheral strobe; outer_enhancement_peripheral; Direction-controlled 5V output; disabled/high-Z while cartridge power is off.  OpenSFC P1 label=PRD_4, net=PRD; sd2snes label=/PARD; Sanni label=/PARD.","https://github.com/starlightk7/OpenSFC/tree/6574450b1a4594b2aae436cf23869b0fb5808ce8/Motherboards/SHVC-CPU-01/Rev%20A ; https://github.com/mrehkopf/sd2snes/blob/cf7e21d7a5978fcd74981d71c3cfbf6e982a4dd1/pcb/kicad/RevF/sd2snes.net ; https://github.com/sanni/cartreader/blob/060d8ae0bf4be40bfc6a368bf6fbf7b594b3884d/hardware/snes_adapter/snes_adapter.kicad_pcb"
"5","GND","power_return","ground","power; central; Common ground return.  OpenSFC P1 label=GND_5, net=GND; sd2snes label=GND; Sanni label=GND.","https://github.com/starlightk7/OpenSFC/tree/6574450b1a4594b2aae436cf23869b0fb5808ce8/Motherboards/SHVC-CPU-01/Rev%20A ; https://github.com/mrehkopf/sd2snes/blob/cf7e21d7a5978fcd74981d71c3cfbf6e982a4dd1/pcb/kicad/RevF/sd2snes.net ; https://github.com/sanni/cartreader/blob/060d8ae0bf4be40bfc6a368bf6fbf7b594b3884d/hardware/snes_adapter/snes_adapter.kicad_pcb"
"6","A11","out","5V cartridge logic","A-bus address; central; Direction-controlled 5V output; disabled/high-Z while cartridge power is off.  OpenSFC P1 label=CPU_A11_6, net=C.A11; sd2snes label=A11; Sanni label=A11.","https://github.com/starlightk7/OpenSFC/tree/6574450b1a4594b2aae436cf23869b0fb5808ce8/Motherboards/SHVC-CPU-01/Rev%20A ; https://github.com/mrehkopf/sd2snes/blob/cf7e21d7a5978fcd74981d71c3cfbf6e982a4dd1/pcb/kicad/RevF/sd2snes.net ; https://github.com/sanni/cartreader/blob/060d8ae0bf4be40bfc6a368bf6fbf7b594b3884d/hardware/snes_adapter/snes_adapter.kicad_pcb"
"7","A10","out","5V cartridge logic","A-bus address; central; Direction-controlled 5V output; disabled/high-Z while cartridge power is off.  OpenSFC P1 label=CPU_A10_7, net=C.A10; sd2snes label=A10; Sanni label=A10.","https://github.com/starlightk7/OpenSFC/tree/6574450b1a4594b2aae436cf23869b0fb5808ce8/Motherboards/SHVC-CPU-01/Rev%20A ; https://github.com/mrehkopf/sd2snes/blob/cf7e21d7a5978fcd74981d71c3cfbf6e982a4dd1/pcb/kicad/RevF/sd2snes.net ; https://github.com/sanni/cartreader/blob/060d8ae0bf4be40bfc6a368bf6fbf7b594b3884d/hardware/snes_adapter/snes_adapter.kicad_pcb"
"8","A9","out","5V cartridge logic","A-bus address; central; Direction-controlled 5V output; disabled/high-Z while cartridge power is off.  OpenSFC P1 label=CPU_A9_8, net=C.A9; sd2snes label=A9; Sanni label=A9.","https://github.com/starlightk7/OpenSFC/tree/6574450b1a4594b2aae436cf23869b0fb5808ce8/Motherboards/SHVC-CPU-01/Rev%20A ; https://github.com/mrehkopf/sd2snes/blob/cf7e21d7a5978fcd74981d71c3cfbf6e982a4dd1/pcb/kicad/RevF/sd2snes.net ; https://github.com/sanni/cartreader/blob/060d8ae0bf4be40bfc6a368bf6fbf7b594b3884d/hardware/snes_adapter/snes_adapter.kicad_pcb"
"9","A8","out","5V cartridge logic","A-bus address; central; Direction-controlled 5V output; disabled/high-Z while cartridge power is off.  OpenSFC P1 label=CPU_A8_9, net=C.A8; sd2snes label=A8; Sanni label=A8.","https://github.com/starlightk7/OpenSFC/tree/6574450b1a4594b2aae436cf23869b0fb5808ce8/Motherboards/SHVC-CPU-01/Rev%20A ; https://github.com/mrehkopf/sd2snes/blob/cf7e21d7a5978fcd74981d71c3cfbf6e982a4dd1/pcb/kicad/RevF/sd2snes.net ; https://github.com/sanni/cartreader/blob/060d8ae0bf4be40bfc6a368bf6fbf7b594b3884d/hardware/snes_adapter/snes_adapter.kicad_pcb"
"10","A7","out","5V cartridge logic","A-bus address; central; Direction-controlled 5V output; disabled/high-Z while cartridge power is off.  OpenSFC P1 label=CPU_A7_10, net=C.A7; sd2snes label=A7; Sanni label=A7.","https://github.com/starlightk7/OpenSFC/tree/6574450b1a4594b2aae436cf23869b0fb5808ce8/Motherboards/SHVC-CPU-01/Rev%20A ; https://github.com/mrehkopf/sd2snes/blob/cf7e21d7a5978fcd74981d71c3cfbf6e982a4dd1/pcb/kicad/RevF/sd2snes.net ; https://github.com/sanni/cartreader/blob/060d8ae0bf4be40bfc6a368bf6fbf7b594b3884d/hardware/snes_adapter/snes_adapter.kicad_pcb"
"11","A6","out","5V cartridge logic","A-bus address; central; Direction-controlled 5V output; disabled/high-Z while cartridge power is off.  OpenSFC P1 label=CPU_A6_11, net=C.A6; sd2snes label=A6; Sanni label=A6.","https://github.com/starlightk7/OpenSFC/tree/6574450b1a4594b2aae436cf23869b0fb5808ce8/Motherboards/SHVC-CPU-01/Rev%20A ; https://github.com/mrehkopf/sd2snes/blob/cf7e21d7a5978fcd74981d71c3cfbf6e982a4dd1/pcb/kicad/RevF/sd2snes.net ; https://github.com/sanni/cartreader/blob/060d8ae0bf4be40bfc6a368bf6fbf7b594b3884d/hardware/snes_adapter/snes_adapter.kicad_pcb"
"12","A5","out","5V cartridge logic","A-bus address; central; Direction-controlled 5V output; disabled/high-Z while cartridge power is off.  OpenSFC P1 label=CPU_A5_12, net=C.A5; sd2snes label=A5; Sanni label=A5.","https://github.com/starlightk7/OpenSFC/tree/6574450b1a4594b2aae436cf23869b0fb5808ce8/Motherboards/SHVC-CPU-01/Rev%20A ; https://github.com/mrehkopf/sd2snes/blob/cf7e21d7a5978fcd74981d71c3cfbf6e982a4dd1/pcb/kicad/RevF/sd2snes.net ; https://github.com/sanni/cartreader/blob/060d8ae0bf4be40bfc6a368bf6fbf7b594b3884d/hardware/snes_adapter/snes_adapter.kicad_pcb"
"13","A4","out","5V cartridge logic","A-bus address; central; Direction-controlled 5V output; disabled/high-Z while cartridge power is off.  OpenSFC P1 label=CPU_A4_13, net=C.A4; sd2snes label=A4; Sanni label=A4.","https://github.com/starlightk7/OpenSFC/tree/6574450b1a4594b2aae436cf23869b0fb5808ce8/Motherboards/SHVC-CPU-01/Rev%20A ; https://github.com/mrehkopf/sd2snes/blob/cf7e21d7a5978fcd74981d71c3cfbf6e982a4dd1/pcb/kicad/RevF/sd2snes.net ; https://github.com/sanni/cartreader/blob/060d8ae0bf4be40bfc6a368bf6fbf7b594b3884d/hardware/snes_adapter/snes_adapter.kicad_pcb"
"14","A3","out","5V cartridge logic","A-bus address; central; Direction-controlled 5V output; disabled/high-Z while cartridge power is off.  OpenSFC P1 label=CPU_A3_14, net=C.A3; sd2snes label=A3; Sanni label=A3.","https://github.com/starlightk7/OpenSFC/tree/6574450b1a4594b2aae436cf23869b0fb5808ce8/Motherboards/SHVC-CPU-01/Rev%20A ; https://github.com/mrehkopf/sd2snes/blob/cf7e21d7a5978fcd74981d71c3cfbf6e982a4dd1/pcb/kicad/RevF/sd2snes.net ; https://github.com/sanni/cartreader/blob/060d8ae0bf4be40bfc6a368bf6fbf7b594b3884d/hardware/snes_adapter/snes_adapter.kicad_pcb"
"15","A2","out","5V cartridge logic","A-bus address; central; Direction-controlled 5V output; disabled/high-Z while cartridge power is off.  OpenSFC P1 label=CPU_A2_15, net=C.A2; sd2snes label=A2; Sanni label=A2.","https://github.com/starlightk7/OpenSFC/tree/6574450b1a4594b2aae436cf23869b0fb5808ce8/Motherboards/SHVC-CPU-01/Rev%20A ; https://github.com/mrehkopf/sd2snes/blob/cf7e21d7a5978fcd74981d71c3cfbf6e982a4dd1/pcb/kicad/RevF/sd2snes.net ; https://github.com/sanni/cartreader/blob/060d8ae0bf4be40bfc6a368bf6fbf7b594b3884d/hardware/snes_adapter/snes_adapter.kicad_pcb"
"16","A1","out","5V cartridge logic","A-bus address; central; Direction-controlled 5V output; disabled/high-Z while cartridge power is off.  OpenSFC P1 label=CPU_A1_16, net=C.A1; sd2snes label=A1; Sanni label=A1.","https://github.com/starlightk7/OpenSFC/tree/6574450b1a4594b2aae436cf23869b0fb5808ce8/Motherboards/SHVC-CPU-01/Rev%20A ; https://github.com/mrehkopf/sd2snes/blob/cf7e21d7a5978fcd74981d71c3cfbf6e982a4dd1/pcb/kicad/RevF/sd2snes.net ; https://github.com/sanni/cartreader/blob/060d8ae0bf4be40bfc6a368bf6fbf7b594b3884d/hardware/snes_adapter/snes_adapter.kicad_pcb"
"17","A0","out","5V cartridge logic","A-bus address; central; Direction-controlled 5V output; disabled/high-Z while cartridge power is off.  OpenSFC P1 label=CPU_A0_17, net=C.A0; sd2snes label=A0; Sanni label=A0.","https://github.com/starlightk7/OpenSFC/tree/6574450b1a4594b2aae436cf23869b0fb5808ce8/Motherboards/SHVC-CPU-01/Rev%20A ; https://github.com/mrehkopf/sd2snes/blob/cf7e21d7a5978fcd74981d71c3cfbf6e982a4dd1/pcb/kicad/RevF/sd2snes.net ; https://github.com/sanni/cartreader/blob/060d8ae0bf4be40bfc6a368bf6fbf7b594b3884d/hardware/snes_adapter/snes_adapter.kicad_pcb"
"18","/IRQ","in_shared_active_low","5V cartridge logic","interrupt; central; Sense cartridge/expansion IRQ; pull-up and open-drain-compatible interface; do not drive high. OpenSFC CPU IRQ input shares net with expansion and R92 pull-up. Any deliberate SN64 assertion must use released/open-drain behavior. OpenSFC P1 label=IRQ_18, net=IRQ; sd2snes label=/IRQ; Sanni label=/IRQ.","https://github.com/starlightk7/OpenSFC/tree/6574450b1a4594b2aae436cf23869b0fb5808ce8/Motherboards/SHVC-CPU-01/Rev%20A ; https://github.com/mrehkopf/sd2snes/blob/cf7e21d7a5978fcd74981d71c3cfbf6e982a4dd1/pcb/kicad/RevF/sd2snes.net ; https://github.com/sanni/cartreader/blob/060d8ae0bf4be40bfc6a368bf6fbf7b594b3884d/hardware/snes_adapter/snes_adapter.kicad_pcb"
"19","D0","bidirectional","5V cartridge logic","shared A/B data bus; central; Direction/OE-controlled translation; high-Z turnaround; preserve open-bus behavior.  OpenSFC P1 label=CPU_D0_19, net=C.D0; sd2snes label=D0; Sanni label=D0.","https://github.com/starlightk7/OpenSFC/tree/6574450b1a4594b2aae436cf23869b0fb5808ce8/Motherboards/SHVC-CPU-01/Rev%20A ; https://github.com/mrehkopf/sd2snes/blob/cf7e21d7a5978fcd74981d71c3cfbf6e982a4dd1/pcb/kicad/RevF/sd2snes.net ; https://github.com/sanni/cartreader/blob/060d8ae0bf4be40bfc6a368bf6fbf7b594b3884d/hardware/snes_adapter/snes_adapter.kicad_pcb"
"20","D1","bidirectional","5V cartridge logic","shared A/B data bus; central; Direction/OE-controlled translation; high-Z turnaround; preserve open-bus behavior.  OpenSFC P1 label=CPU_D1_20, net=C.D1; sd2snes label=D1; Sanni label=D1.","https://github.com/starlightk7/OpenSFC/tree/6574450b1a4594b2aae436cf23869b0fb5808ce8/Motherboards/SHVC-CPU-01/Rev%20A ; https://github.com/mrehkopf/sd2snes/blob/cf7e21d7a5978fcd74981d71c3cfbf6e982a4dd1/pcb/kicad/RevF/sd2snes.net ; https://github.com/sanni/cartreader/blob/060d8ae0bf4be40bfc6a368bf6fbf7b594b3884d/hardware/snes_adapter/snes_adapter.kicad_pcb"
"21","D2","bidirectional","5V cartridge logic","shared A/B data bus; central; Direction/OE-controlled translation; high-Z turnaround; preserve open-bus behavior.  OpenSFC P1 label=CPU_D2_21, net=C.D2; sd2snes label=D2; Sanni label=D2.","https://github.com/starlightk7/OpenSFC/tree/6574450b1a4594b2aae436cf23869b0fb5808ce8/Motherboards/SHVC-CPU-01/Rev%20A ; https://github.com/mrehkopf/sd2snes/blob/cf7e21d7a5978fcd74981d71c3cfbf6e982a4dd1/pcb/kicad/RevF/sd2snes.net ; https://github.com/sanni/cartreader/blob/060d8ae0bf4be40bfc6a368bf6fbf7b594b3884d/hardware/snes_adapter/snes_adapter.kicad_pcb"
"22","D3","bidirectional","5V cartridge logic","shared A/B data bus; central; Direction/OE-controlled translation; high-Z turnaround; preserve open-bus behavior.  OpenSFC P1 label=CPU_D3_22, net=C.D3; sd2snes label=D3; Sanni label=D3.","https://github.com/starlightk7/OpenSFC/tree/6574450b1a4594b2aae436cf23869b0fb5808ce8/Motherboards/SHVC-CPU-01/Rev%20A ; https://github.com/mrehkopf/sd2snes/blob/cf7e21d7a5978fcd74981d71c3cfbf6e982a4dd1/pcb/kicad/RevF/sd2snes.net ; https://github.com/sanni/cartreader/blob/060d8ae0bf4be40bfc6a368bf6fbf7b594b3884d/hardware/snes_adapter/snes_adapter.kicad_pcb"
"23","/RD","out","5V cartridge logic","A-bus/control decode; central; Direction-controlled 5V output; disabled/high-Z while cartridge power is off.  OpenSFC P1 label=CPU_RD_23, net=C.RD; sd2snes label=/RD; Sanni label=/RD.","https://github.com/starlightk7/OpenSFC/tree/6574450b1a4594b2aae436cf23869b0fb5808ce8/Motherboards/SHVC-CPU-01/Rev%20A ; https://github.com/mrehkopf/sd2snes/blob/cf7e21d7a5978fcd74981d71c3cfbf6e982a4dd1/pcb/kicad/RevF/sd2snes.net ; https://github.com/sanni/cartreader/blob/060d8ae0bf4be40bfc6a368bf6fbf7b594b3884d/hardware/snes_adapter/snes_adapter.kicad_pcb"
"24","CIC_DATA1","bidirectional_protocol","5V cartridge logic","CIC data; central; Independently controllable drive/receive/release; default high-Z. Nominal key/cart-to-lock/console data (key CIC pin 1, console CIC pin 2). SuperCIC pair mode changes both data pins to inputs; do not freeze the direction solely from a generic symbol type. OpenSFC P1 label=CIC_D1_24, net=CI.D1; sd2snes label=CIC_P1_DOUT; Sanni label=CIC_out_data_(p1).","https://github.com/starlightk7/OpenSFC/tree/6574450b1a4594b2aae436cf23869b0fb5808ce8/Motherboards/SHVC-CPU-01/Rev%20A ; https://github.com/mrehkopf/sd2snes/blob/cf7e21d7a5978fcd74981d71c3cfbf6e982a4dd1/pcb/kicad/RevF/sd2snes.net ; https://github.com/sanni/cartreader/blob/060d8ae0bf4be40bfc6a368bf6fbf7b594b3884d/hardware/snes_adapter/snes_adapter.kicad_pcb"
"25","CIC_SLAVE_RESET","out","5V cartridge logic","CIC reset; central; Console lock-to-cartridge key reset/trigger output, independently controlled from /RESET. Key CIC pin 7 / console CIC pin 11. SuperCIC lock source raises then lowers this signal to trigger the slave; do not rename it /RESET. OpenSFC P1 label=CIC_RST_25, net=CI.RST; sd2snes label=CIC_P7_RESET; Sanni label=CIC_in_data_(p7).","https://github.com/starlightk7/OpenSFC/tree/6574450b1a4594b2aae436cf23869b0fb5808ce8/Motherboards/SHVC-CPU-01/Rev%20A ; https://github.com/mrehkopf/sd2snes/blob/cf7e21d7a5978fcd74981d71c3cfbf6e982a4dd1/pcb/kicad/RevF/sd2snes.net ; https://github.com/sanni/cartreader/blob/060d8ae0bf4be40bfc6a368bf6fbf7b594b3884d/hardware/snes_adapter/snes_adapter.kicad_pcb"
"26","/RESET","bidirectional_open_drain","5V cartridge logic","system reset; central; Sense cartridge reset request and allow controlled pull-low/release; no push-pull high driver. System reset line distinct from CIC slave-reset pin 25; flashcart may assert it. OpenSFC P1 label=RESET_26, net=RESET; sd2snes label=/RESET; Sanni label=/RESET.","https://github.com/starlightk7/OpenSFC/tree/6574450b1a4594b2aae436cf23869b0fb5808ce8/Motherboards/SHVC-CPU-01/Rev%20A ; https://github.com/mrehkopf/sd2snes/blob/cf7e21d7a5978fcd74981d71c3cfbf6e982a4dd1/pcb/kicad/RevF/sd2snes.net ; https://github.com/sanni/cartreader/blob/060d8ae0bf4be40bfc6a368bf6fbf7b594b3884d/hardware/snes_adapter/snes_adapter.kicad_pcb"
"27","+5V_CART","power_out","protected switched 5V","power; central; Same protected cartridge supply; default OFF.  OpenSFC P1 label=+5V_27, net=+5V; sd2snes label=VCC; Sanni label=VCC.","https://github.com/starlightk7/OpenSFC/tree/6574450b1a4594b2aae436cf23869b0fb5808ce8/Motherboards/SHVC-CPU-01/Rev%20A ; https://github.com/mrehkopf/sd2snes/blob/cf7e21d7a5978fcd74981d71c3cfbf6e982a4dd1/pcb/kicad/RevF/sd2snes.net ; https://github.com/sanni/cartreader/blob/060d8ae0bf4be40bfc6a368bf6fbf7b594b3884d/hardware/snes_adapter/snes_adapter.kicad_pcb"
"28","PA0","out","5V cartridge logic","B-bus/peripheral address; outer_enhancement_peripheral; Direction-controlled 5V output; disabled/high-Z while cartridge power is off.  OpenSFC P1 label=PA0_28, net=PA0; sd2snes label=PA0; Sanni label=PA0.","https://github.com/starlightk7/OpenSFC/tree/6574450b1a4594b2aae436cf23869b0fb5808ce8/Motherboards/SHVC-CPU-01/Rev%20A ; https://github.com/mrehkopf/sd2snes/blob/cf7e21d7a5978fcd74981d71c3cfbf6e982a4dd1/pcb/kicad/RevF/sd2snes.net ; https://github.com/sanni/cartreader/blob/060d8ae0bf4be40bfc6a368bf6fbf7b594b3884d/hardware/snes_adapter/snes_adapter.kicad_pcb"
"29","PA2","out","5V cartridge logic","B-bus/peripheral address; outer_enhancement_peripheral; Direction-controlled 5V output; disabled/high-Z while cartridge power is off.  OpenSFC P1 label=PA2_29, net=PA2; sd2snes label=PA2; Sanni label=PA2.","https://github.com/starlightk7/OpenSFC/tree/6574450b1a4594b2aae436cf23869b0fb5808ce8/Motherboards/SHVC-CPU-01/Rev%20A ; https://github.com/mrehkopf/sd2snes/blob/cf7e21d7a5978fcd74981d71c3cfbf6e982a4dd1/pcb/kicad/RevF/sd2snes.net ; https://github.com/sanni/cartreader/blob/060d8ae0bf4be40bfc6a368bf6fbf7b594b3884d/hardware/snes_adapter/snes_adapter.kicad_pcb"
"30","PA4","out","5V cartridge logic","B-bus/peripheral address; outer_enhancement_peripheral; Direction-controlled 5V output; disabled/high-Z while cartridge power is off.  OpenSFC P1 label=PA4_30, net=PA4; sd2snes label=PA4; Sanni label=PA4.","https://github.com/starlightk7/OpenSFC/tree/6574450b1a4594b2aae436cf23869b0fb5808ce8/Motherboards/SHVC-CPU-01/Rev%20A ; https://github.com/mrehkopf/sd2snes/blob/cf7e21d7a5978fcd74981d71c3cfbf6e982a4dd1/pcb/kicad/RevF/sd2snes.net ; https://github.com/sanni/cartreader/blob/060d8ae0bf4be40bfc6a368bf6fbf7b594b3884d/hardware/snes_adapter/snes_adapter.kicad_pcb"
"31","AUDIO_L_IN","analog_in","analog cartridge audio","audio; outer_enhancement_peripheral; Analog front-end input; do not use digital level translators. Sanni intentionally leaves this audio input unconnected; that is not suitable for SN64 full interface. OpenSFC P1 label=L.AUD_IN_31, net=SL.IN; sd2snes label=LINE_L; Sanni label=Left_Audio_Input.","https://github.com/starlightk7/OpenSFC/tree/6574450b1a4594b2aae436cf23869b0fb5808ce8/Motherboards/SHVC-CPU-01/Rev%20A ; https://github.com/mrehkopf/sd2snes/blob/cf7e21d7a5978fcd74981d71c3cfbf6e982a4dd1/pcb/kicad/RevF/sd2snes.net ; https://github.com/sanni/cartreader/blob/060d8ae0bf4be40bfc6a368bf6fbf7b594b3884d/hardware/snes_adapter/snes_adapter.kicad_pcb"
"32","/WRAMSEL","out","5V cartridge logic","A-bus/control decode; outer_enhancement_peripheral; Direction-controlled 5V output; disabled/high-Z while cartridge power is off.  OpenSFC P1 label=WRAM_32, net=WRAM; sd2snes label=/WRAM; Sanni label=/WRAM.","https://github.com/starlightk7/OpenSFC/tree/6574450b1a4594b2aae436cf23869b0fb5808ce8/Motherboards/SHVC-CPU-01/Rev%20A ; https://github.com/mrehkopf/sd2snes/blob/cf7e21d7a5978fcd74981d71c3cfbf6e982a4dd1/pcb/kicad/RevF/sd2snes.net ; https://github.com/sanni/cartreader/blob/060d8ae0bf4be40bfc6a368bf6fbf7b594b3884d/hardware/snes_adapter/snes_adapter.kicad_pcb"
"33","REFRESH","out","5V cartridge logic","console timing; outer_enhancement_peripheral; 5V timing output; preserve original timing relationship; enable only with valid rails.  OpenSFC P1 label=REFRESH_33, net=REFRESH; sd2snes label=REFRESH; Sanni label=Refresh.","https://github.com/starlightk7/OpenSFC/tree/6574450b1a4594b2aae436cf23869b0fb5808ce8/Motherboards/SHVC-CPU-01/Rev%20A ; https://github.com/mrehkopf/sd2snes/blob/cf7e21d7a5978fcd74981d71c3cfbf6e982a4dd1/pcb/kicad/RevF/sd2snes.net ; https://github.com/sanni/cartreader/blob/060d8ae0bf4be40bfc6a368bf6fbf7b594b3884d/hardware/snes_adapter/snes_adapter.kicad_pcb"
"34","PA7","out","5V cartridge logic","B-bus/peripheral address; outer_enhancement_peripheral; Direction-controlled 5V output; disabled/high-Z while cartridge power is off.  OpenSFC P1 label=PA7_34, net=PA7; sd2snes label=PA7; Sanni label=PA7.","https://github.com/starlightk7/OpenSFC/tree/6574450b1a4594b2aae436cf23869b0fb5808ce8/Motherboards/SHVC-CPU-01/Rev%20A ; https://github.com/mrehkopf/sd2snes/blob/cf7e21d7a5978fcd74981d71c3cfbf6e982a4dd1/pcb/kicad/RevF/sd2snes.net ; https://github.com/sanni/cartreader/blob/060d8ae0bf4be40bfc6a368bf6fbf7b594b3884d/hardware/snes_adapter/snes_adapter.kicad_pcb"
"35","/PWR","out","5V cartridge logic","B-bus/peripheral strobe; outer_enhancement_peripheral; Direction-controlled 5V output; disabled/high-Z while cartridge power is off.  OpenSFC P1 label=PWR_35, net=PWR; sd2snes label=/PAWR; Sanni label=/PAWR.","https://github.com/starlightk7/OpenSFC/tree/6574450b1a4594b2aae436cf23869b0fb5808ce8/Motherboards/SHVC-CPU-01/Rev%20A ; https://github.com/mrehkopf/sd2snes/blob/cf7e21d7a5978fcd74981d71c3cfbf6e982a4dd1/pcb/kicad/RevF/sd2snes.net ; https://github.com/sanni/cartreader/blob/060d8ae0bf4be40bfc6a368bf6fbf7b594b3884d/hardware/snes_adapter/snes_adapter.kicad_pcb"
"36","GND","power_return","ground","power; central; Common ground return.  OpenSFC P1 label=GND_36, net=GND; sd2snes label=GND; Sanni label=GND.","https://github.com/starlightk7/OpenSFC/tree/6574450b1a4594b2aae436cf23869b0fb5808ce8/Motherboards/SHVC-CPU-01/Rev%20A ; https://github.com/mrehkopf/sd2snes/blob/cf7e21d7a5978fcd74981d71c3cfbf6e982a4dd1/pcb/kicad/RevF/sd2snes.net ; https://github.com/sanni/cartreader/blob/060d8ae0bf4be40bfc6a368bf6fbf7b594b3884d/hardware/snes_adapter/snes_adapter.kicad_pcb"
"37","A12","out","5V cartridge logic","A-bus address; central; Direction-controlled 5V output; disabled/high-Z while cartridge power is off.  OpenSFC P1 label=CPU_A12_37, net=C.A12; sd2snes label=A12; Sanni label=A12.","https://github.com/starlightk7/OpenSFC/tree/6574450b1a4594b2aae436cf23869b0fb5808ce8/Motherboards/SHVC-CPU-01/Rev%20A ; https://github.com/mrehkopf/sd2snes/blob/cf7e21d7a5978fcd74981d71c3cfbf6e982a4dd1/pcb/kicad/RevF/sd2snes.net ; https://github.com/sanni/cartreader/blob/060d8ae0bf4be40bfc6a368bf6fbf7b594b3884d/hardware/snes_adapter/snes_adapter.kicad_pcb"
"38","A13","out","5V cartridge logic","A-bus address; central; Direction-controlled 5V output; disabled/high-Z while cartridge power is off.  OpenSFC P1 label=CPU_A13_38, net=C.A13; sd2snes label=A13; Sanni label=A13.","https://github.com/starlightk7/OpenSFC/tree/6574450b1a4594b2aae436cf23869b0fb5808ce8/Motherboards/SHVC-CPU-01/Rev%20A ; https://github.com/mrehkopf/sd2snes/blob/cf7e21d7a5978fcd74981d71c3cfbf6e982a4dd1/pcb/kicad/RevF/sd2snes.net ; https://github.com/sanni/cartreader/blob/060d8ae0bf4be40bfc6a368bf6fbf7b594b3884d/hardware/snes_adapter/snes_adapter.kicad_pcb"
"39","A14","out","5V cartridge logic","A-bus address; central; Direction-controlled 5V output; disabled/high-Z while cartridge power is off.  OpenSFC P1 label=CPU_A14_39, net=C.A14; sd2snes label=A14; Sanni label=A14.","https://github.com/starlightk7/OpenSFC/tree/6574450b1a4594b2aae436cf23869b0fb5808ce8/Motherboards/SHVC-CPU-01/Rev%20A ; https://github.com/mrehkopf/sd2snes/blob/cf7e21d7a5978fcd74981d71c3cfbf6e982a4dd1/pcb/kicad/RevF/sd2snes.net ; https://github.com/sanni/cartreader/blob/060d8ae0bf4be40bfc6a368bf6fbf7b594b3884d/hardware/snes_adapter/snes_adapter.kicad_pcb"
"40","A15","out","5V cartridge logic","A-bus address; central; Direction-controlled 5V output; disabled/high-Z while cartridge power is off.  OpenSFC P1 label=CPU_A15_40, net=C.A15; sd2snes label=A15; Sanni label=A15.","https://github.com/starlightk7/OpenSFC/tree/6574450b1a4594b2aae436cf23869b0fb5808ce8/Motherboards/SHVC-CPU-01/Rev%20A ; https://github.com/mrehkopf/sd2snes/blob/cf7e21d7a5978fcd74981d71c3cfbf6e982a4dd1/pcb/kicad/RevF/sd2snes.net ; https://github.com/sanni/cartreader/blob/060d8ae0bf4be40bfc6a368bf6fbf7b594b3884d/hardware/snes_adapter/snes_adapter.kicad_pcb"
"41","A16","out","5V cartridge logic","A-bus address; central; Direction-controlled 5V output; disabled/high-Z while cartridge power is off.  OpenSFC P1 label=CPU_A16_41, net=C.A16; sd2snes label=A16; Sanni label=BA0.","https://github.com/starlightk7/OpenSFC/tree/6574450b1a4594b2aae436cf23869b0fb5808ce8/Motherboards/SHVC-CPU-01/Rev%20A ; https://github.com/mrehkopf/sd2snes/blob/cf7e21d7a5978fcd74981d71c3cfbf6e982a4dd1/pcb/kicad/RevF/sd2snes.net ; https://github.com/sanni/cartreader/blob/060d8ae0bf4be40bfc6a368bf6fbf7b594b3884d/hardware/snes_adapter/snes_adapter.kicad_pcb"
"42","A17","out","5V cartridge logic","A-bus address; central; Direction-controlled 5V output; disabled/high-Z while cartridge power is off.  OpenSFC P1 label=CPU_A17_42, net=C.A17; sd2snes label=A17; Sanni label=BA1.","https://github.com/starlightk7/OpenSFC/tree/6574450b1a4594b2aae436cf23869b0fb5808ce8/Motherboards/SHVC-CPU-01/Rev%20A ; https://github.com/mrehkopf/sd2snes/blob/cf7e21d7a5978fcd74981d71c3cfbf6e982a4dd1/pcb/kicad/RevF/sd2snes.net ; https://github.com/sanni/cartreader/blob/060d8ae0bf4be40bfc6a368bf6fbf7b594b3884d/hardware/snes_adapter/snes_adapter.kicad_pcb"
"43","A18","out","5V cartridge logic","A-bus address; central; Direction-controlled 5V output; disabled/high-Z while cartridge power is off.  OpenSFC P1 label=CPU_A18_43, net=C.A18; sd2snes label=A18; Sanni label=BA2.","https://github.com/starlightk7/OpenSFC/tree/6574450b1a4594b2aae436cf23869b0fb5808ce8/Motherboards/SHVC-CPU-01/Rev%20A ; https://github.com/mrehkopf/sd2snes/blob/cf7e21d7a5978fcd74981d71c3cfbf6e982a4dd1/pcb/kicad/RevF/sd2snes.net ; https://github.com/sanni/cartreader/blob/060d8ae0bf4be40bfc6a368bf6fbf7b594b3884d/hardware/snes_adapter/snes_adapter.kicad_pcb"
"44","A19","out","5V cartridge logic","A-bus address; central; Direction-controlled 5V output; disabled/high-Z while cartridge power is off.  OpenSFC P1 label=CPU_A19_44, net=C.A19; sd2snes label=A19; Sanni label=BA3.","https://github.com/starlightk7/OpenSFC/tree/6574450b1a4594b2aae436cf23869b0fb5808ce8/Motherboards/SHVC-CPU-01/Rev%20A ; https://github.com/mrehkopf/sd2snes/blob/cf7e21d7a5978fcd74981d71c3cfbf6e982a4dd1/pcb/kicad/RevF/sd2snes.net ; https://github.com/sanni/cartreader/blob/060d8ae0bf4be40bfc6a368bf6fbf7b594b3884d/hardware/snes_adapter/snes_adapter.kicad_pcb"
"45","A20","out","5V cartridge logic","A-bus address; central; Direction-controlled 5V output; disabled/high-Z while cartridge power is off.  OpenSFC P1 label=CPU_A20_45, net=C.A20; sd2snes label=A20; Sanni label=BA4.","https://github.com/starlightk7/OpenSFC/tree/6574450b1a4594b2aae436cf23869b0fb5808ce8/Motherboards/SHVC-CPU-01/Rev%20A ; https://github.com/mrehkopf/sd2snes/blob/cf7e21d7a5978fcd74981d71c3cfbf6e982a4dd1/pcb/kicad/RevF/sd2snes.net ; https://github.com/sanni/cartreader/blob/060d8ae0bf4be40bfc6a368bf6fbf7b594b3884d/hardware/snes_adapter/snes_adapter.kicad_pcb"
"46","A21","out","5V cartridge logic","A-bus address; central; Direction-controlled 5V output; disabled/high-Z while cartridge power is off.  OpenSFC P1 label=CPU_A21_46, net=C.A21; sd2snes label=A21; Sanni label=BA5.","https://github.com/starlightk7/OpenSFC/tree/6574450b1a4594b2aae436cf23869b0fb5808ce8/Motherboards/SHVC-CPU-01/Rev%20A ; https://github.com/mrehkopf/sd2snes/blob/cf7e21d7a5978fcd74981d71c3cfbf6e982a4dd1/pcb/kicad/RevF/sd2snes.net ; https://github.com/sanni/cartreader/blob/060d8ae0bf4be40bfc6a368bf6fbf7b594b3884d/hardware/snes_adapter/snes_adapter.kicad_pcb"
"47","A22","out","5V cartridge logic","A-bus address; central; Direction-controlled 5V output; disabled/high-Z while cartridge power is off.  OpenSFC P1 label=CPU_A22_47, net=C.A22; sd2snes label=A22; Sanni label=BA6.","https://github.com/starlightk7/OpenSFC/tree/6574450b1a4594b2aae436cf23869b0fb5808ce8/Motherboards/SHVC-CPU-01/Rev%20A ; https://github.com/mrehkopf/sd2snes/blob/cf7e21d7a5978fcd74981d71c3cfbf6e982a4dd1/pcb/kicad/RevF/sd2snes.net ; https://github.com/sanni/cartreader/blob/060d8ae0bf4be40bfc6a368bf6fbf7b594b3884d/hardware/snes_adapter/snes_adapter.kicad_pcb"
"48","A23","out","5V cartridge logic","A-bus address; central; Direction-controlled 5V output; disabled/high-Z while cartridge power is off.  OpenSFC P1 label=CPU_A23_48, net=C.A23; sd2snes label=A23; Sanni label=BA7.","https://github.com/starlightk7/OpenSFC/tree/6574450b1a4594b2aae436cf23869b0fb5808ce8/Motherboards/SHVC-CPU-01/Rev%20A ; https://github.com/mrehkopf/sd2snes/blob/cf7e21d7a5978fcd74981d71c3cfbf6e982a4dd1/pcb/kicad/RevF/sd2snes.net ; https://github.com/sanni/cartreader/blob/060d8ae0bf4be40bfc6a368bf6fbf7b594b3884d/hardware/snes_adapter/snes_adapter.kicad_pcb"
"49","/ROMSEL","out","5V cartridge logic","A-bus/control decode; central; Direction-controlled 5V output; disabled/high-Z while cartridge power is off.  OpenSFC P1 label=ROMSEL_49, net=ROMSEL; sd2snes label=/ROMSEL; Sanni label=/Cart.","https://github.com/starlightk7/OpenSFC/tree/6574450b1a4594b2aae436cf23869b0fb5808ce8/Motherboards/SHVC-CPU-01/Rev%20A ; https://github.com/mrehkopf/sd2snes/blob/cf7e21d7a5978fcd74981d71c3cfbf6e982a4dd1/pcb/kicad/RevF/sd2snes.net ; https://github.com/sanni/cartreader/blob/060d8ae0bf4be40bfc6a368bf6fbf7b594b3884d/hardware/snes_adapter/snes_adapter.kicad_pcb"
"50","D4","bidirectional","5V cartridge logic","shared A/B data bus; central; Direction/OE-controlled translation; high-Z turnaround; preserve open-bus behavior.  OpenSFC P1 label=CPU_D4_50, net=C.D4; sd2snes label=D4; Sanni label=D4.","https://github.com/starlightk7/OpenSFC/tree/6574450b1a4594b2aae436cf23869b0fb5808ce8/Motherboards/SHVC-CPU-01/Rev%20A ; https://github.com/mrehkopf/sd2snes/blob/cf7e21d7a5978fcd74981d71c3cfbf6e982a4dd1/pcb/kicad/RevF/sd2snes.net ; https://github.com/sanni/cartreader/blob/060d8ae0bf4be40bfc6a368bf6fbf7b594b3884d/hardware/snes_adapter/snes_adapter.kicad_pcb"
"51","D5","bidirectional","5V cartridge logic","shared A/B data bus; central; Direction/OE-controlled translation; high-Z turnaround; preserve open-bus behavior.  OpenSFC P1 label=CPU_D5_51, net=C.D5; sd2snes label=D5; Sanni label=D5.","https://github.com/starlightk7/OpenSFC/tree/6574450b1a4594b2aae436cf23869b0fb5808ce8/Motherboards/SHVC-CPU-01/Rev%20A ; https://github.com/mrehkopf/sd2snes/blob/cf7e21d7a5978fcd74981d71c3cfbf6e982a4dd1/pcb/kicad/RevF/sd2snes.net ; https://github.com/sanni/cartreader/blob/060d8ae0bf4be40bfc6a368bf6fbf7b594b3884d/hardware/snes_adapter/snes_adapter.kicad_pcb"
"52","D6","bidirectional","5V cartridge logic","shared A/B data bus; central; Direction/OE-controlled translation; high-Z turnaround; preserve open-bus behavior.  OpenSFC P1 label=CPU_D6_52, net=C.D6; sd2snes label=D6; Sanni label=D6.","https://github.com/starlightk7/OpenSFC/tree/6574450b1a4594b2aae436cf23869b0fb5808ce8/Motherboards/SHVC-CPU-01/Rev%20A ; https://github.com/mrehkopf/sd2snes/blob/cf7e21d7a5978fcd74981d71c3cfbf6e982a4dd1/pcb/kicad/RevF/sd2snes.net ; https://github.com/sanni/cartreader/blob/060d8ae0bf4be40bfc6a368bf6fbf7b594b3884d/hardware/snes_adapter/snes_adapter.kicad_pcb"
"53","D7","bidirectional","5V cartridge logic","shared A/B data bus; central; Direction/OE-controlled translation; high-Z turnaround; preserve open-bus behavior.  OpenSFC P1 label=CPU_D7_53, net=C.D7; sd2snes label=D7; Sanni label=D7.","https://github.com/starlightk7/OpenSFC/tree/6574450b1a4594b2aae436cf23869b0fb5808ce8/Motherboards/SHVC-CPU-01/Rev%20A ; https://github.com/mrehkopf/sd2snes/blob/cf7e21d7a5978fcd74981d71c3cfbf6e982a4dd1/pcb/kicad/RevF/sd2snes.net ; https://github.com/sanni/cartreader/blob/060d8ae0bf4be40bfc6a368bf6fbf7b594b3884d/hardware/snes_adapter/snes_adapter.kicad_pcb"
"54","/WR","out","5V cartridge logic","A-bus/control decode; central; Direction-controlled 5V output; disabled/high-Z while cartridge power is off.  OpenSFC P1 label=CPU_WR_54, net=C.RW; sd2snes label=/WR; Sanni label=/WR.","https://github.com/starlightk7/OpenSFC/tree/6574450b1a4594b2aae436cf23869b0fb5808ce8/Motherboards/SHVC-CPU-01/Rev%20A ; https://github.com/mrehkopf/sd2snes/blob/cf7e21d7a5978fcd74981d71c3cfbf6e982a4dd1/pcb/kicad/RevF/sd2snes.net ; https://github.com/sanni/cartreader/blob/060d8ae0bf4be40bfc6a368bf6fbf7b594b3884d/hardware/snes_adapter/snes_adapter.kicad_pcb"
"55","CIC_DATA0","bidirectional_protocol","5V cartridge logic","CIC data; central; Independently controllable drive/receive/release; default high-Z. Nominal lock/console-to-key/cart data (key CIC pin 2, console CIC pin 1). SuperCIC pair mode changes both data pins to inputs; do not freeze the direction solely from a generic symbol type. OpenSFC P1 label=CIC_D2_55, net=CI.D2; sd2snes label=CIC_P2_DIN; Sanni label=CIC_data_out_(p2).","https://github.com/starlightk7/OpenSFC/tree/6574450b1a4594b2aae436cf23869b0fb5808ce8/Motherboards/SHVC-CPU-01/Rev%20A ; https://github.com/mrehkopf/sd2snes/blob/cf7e21d7a5978fcd74981d71c3cfbf6e982a4dd1/pcb/kicad/RevF/sd2snes.net ; https://github.com/sanni/cartreader/blob/060d8ae0bf4be40bfc6a368bf6fbf7b594b3884d/hardware/snes_adapter/snes_adapter.kicad_pcb"
"56","CIC_CLK","out","5V cartridge logic","CIC clock; central; Console-provided 5V-domain CIC clock; frequency/implementation confirmed during clock design.  OpenSFC P1 label=CIC_CLK_56, net=C.CLK; sd2snes label=CIC_P6_CLK; Sanni label=CIC_clock_in_(p6).","https://github.com/starlightk7/OpenSFC/tree/6574450b1a4594b2aae436cf23869b0fb5808ce8/Motherboards/SHVC-CPU-01/Rev%20A ; https://github.com/mrehkopf/sd2snes/blob/cf7e21d7a5978fcd74981d71c3cfbf6e982a4dd1/pcb/kicad/RevF/sd2snes.net ; https://github.com/sanni/cartreader/blob/060d8ae0bf4be40bfc6a368bf6fbf7b594b3884d/hardware/snes_adapter/snes_adapter.kicad_pcb"
"57","PHI2","out","5V cartridge logic","console timing; central; 5V timing output; preserve original timing relationship; enable only with valid rails.  OpenSFC P1 label=PHI2_57, net=PHI2; sd2snes label=CPU_CLK; Sanni label=CPU_Clock.","https://github.com/starlightk7/OpenSFC/tree/6574450b1a4594b2aae436cf23869b0fb5808ce8/Motherboards/SHVC-CPU-01/Rev%20A ; https://github.com/mrehkopf/sd2snes/blob/cf7e21d7a5978fcd74981d71c3cfbf6e982a4dd1/pcb/kicad/RevF/sd2snes.net ; https://github.com/sanni/cartreader/blob/060d8ae0bf4be40bfc6a368bf6fbf7b594b3884d/hardware/snes_adapter/snes_adapter.kicad_pcb"
"58","+5V_CART","power_out","protected switched 5V","power; central; Same protected cartridge supply; default OFF.  OpenSFC P1 label=+5V_58, net=+5V; sd2snes label=VCC; Sanni label=VCC.","https://github.com/starlightk7/OpenSFC/tree/6574450b1a4594b2aae436cf23869b0fb5808ce8/Motherboards/SHVC-CPU-01/Rev%20A ; https://github.com/mrehkopf/sd2snes/blob/cf7e21d7a5978fcd74981d71c3cfbf6e982a4dd1/pcb/kicad/RevF/sd2snes.net ; https://github.com/sanni/cartreader/blob/060d8ae0bf4be40bfc6a368bf6fbf7b594b3884d/hardware/snes_adapter/snes_adapter.kicad_pcb"
"59","PA1","out","5V cartridge logic","B-bus/peripheral address; outer_enhancement_peripheral; Direction-controlled 5V output; disabled/high-Z while cartridge power is off.  OpenSFC P1 label=PA1_59, net=PA1; sd2snes label=PA1; Sanni label=PA1.","https://github.com/starlightk7/OpenSFC/tree/6574450b1a4594b2aae436cf23869b0fb5808ce8/Motherboards/SHVC-CPU-01/Rev%20A ; https://github.com/mrehkopf/sd2snes/blob/cf7e21d7a5978fcd74981d71c3cfbf6e982a4dd1/pcb/kicad/RevF/sd2snes.net ; https://github.com/sanni/cartreader/blob/060d8ae0bf4be40bfc6a368bf6fbf7b594b3884d/hardware/snes_adapter/snes_adapter.kicad_pcb"
"60","PA3","out","5V cartridge logic","B-bus/peripheral address; outer_enhancement_peripheral; Direction-controlled 5V output; disabled/high-Z while cartridge power is off.  OpenSFC P1 label=PA3_60, net=PA3; sd2snes label=PA3; Sanni label=PA3.","https://github.com/starlightk7/OpenSFC/tree/6574450b1a4594b2aae436cf23869b0fb5808ce8/Motherboards/SHVC-CPU-01/Rev%20A ; https://github.com/mrehkopf/sd2snes/blob/cf7e21d7a5978fcd74981d71c3cfbf6e982a4dd1/pcb/kicad/RevF/sd2snes.net ; https://github.com/sanni/cartreader/blob/060d8ae0bf4be40bfc6a368bf6fbf7b594b3884d/hardware/snes_adapter/snes_adapter.kicad_pcb"
"61","PA5","out","5V cartridge logic","B-bus/peripheral address; outer_enhancement_peripheral; Direction-controlled 5V output; disabled/high-Z while cartridge power is off.  OpenSFC P1 label=PA5_61, net=PA5; sd2snes label=PA5; Sanni label=PA5.","https://github.com/starlightk7/OpenSFC/tree/6574450b1a4594b2aae436cf23869b0fb5808ce8/Motherboards/SHVC-CPU-01/Rev%20A ; https://github.com/mrehkopf/sd2snes/blob/cf7e21d7a5978fcd74981d71c3cfbf6e982a4dd1/pcb/kicad/RevF/sd2snes.net ; https://github.com/sanni/cartreader/blob/060d8ae0bf4be40bfc6a368bf6fbf7b594b3884d/hardware/snes_adapter/snes_adapter.kicad_pcb"
"62","AUDIO_R_IN","analog_in","analog cartridge audio","audio; outer_enhancement_peripheral; Analog front-end input; do not use digital level translators. Sanni intentionally leaves this audio input unconnected; that is not suitable for SN64 full interface. OpenSFC P1 label=R.AUD_IN_62, net=SR.IN; sd2snes label=LINE_R; Sanni label=Right_Audio_Input.","https://github.com/starlightk7/OpenSFC/tree/6574450b1a4594b2aae436cf23869b0fb5808ce8/Motherboards/SHVC-CPU-01/Rev%20A ; https://github.com/mrehkopf/sd2snes/blob/cf7e21d7a5978fcd74981d71c3cfbf6e982a4dd1/pcb/kicad/RevF/sd2snes.net ; https://github.com/sanni/cartreader/blob/060d8ae0bf4be40bfc6a368bf6fbf7b594b3884d/hardware/snes_adapter/snes_adapter.kicad_pcb"
