reference,pin,pin_name,net,value,dnp
J101,A1,GND,GND,DX07S016JA3R1500,False
J101,A12,GND,GND,DX07S016JA3R1500,False
J101,A4,VBUS,USB_VBUS,DX07S016JA3R1500,False
J101,A5,CC1,USB_CC1,DX07S016JA3R1500,False
J101,A6,D+,USB_DP,DX07S016JA3R1500,False
J101,A7,D-,USB_DM,DX07S016JA3R1500,False
J101,A8,SBU1,,DX07S016JA3R1500,False
J101,A9,VBUS,USB_VBUS,DX07S016JA3R1500,False
J101,B1,GND,GND,DX07S016JA3R1500,False
J101,B12,GND,GND,DX07S016JA3R1500,False
J101,B4,VBUS,USB_VBUS,DX07S016JA3R1500,False
J101,B5,CC2,USB_CC2,DX07S016JA3R1500,False
J101,B6,D+,USB_DP,DX07S016JA3R1500,False
J101,B7,D-,USB_DM,DX07S016JA3R1500,False
J101,B8,SBU2,,DX07S016JA3R1500,False
J101,B9,VBUS,USB_VBUS,DX07S016JA3R1500,False
J101,S1,SHIELD,GND,DX07S016JA3R1500,False
R101,1,~,USB_CC1,5.1k 1%,False
R101,2,~,GND,5.1k 1%,False
R102,1,~,USB_CC2,5.1k 1%,False
R102,2,~,GND,5.1k 1%,False
U101,1,I/O1,USB_DM,USBLC6-2SC6,False
U101,2,GND,GND,USBLC6-2SC6,False
U101,3,I/O2,USB_DP,USBLC6-2SC6,False
U101,4,I/O2,USB_DP,USBLC6-2SC6,False
U101,5,VBUS,USB_VBUS,USBLC6-2SC6,False
U101,6,I/O1,USB_DM,USBLC6-2SC6,False
U102,1,I/O1,USB_CC1,USBLC6-2SC6,False
U102,2,GND,GND,USBLC6-2SC6,False
U102,3,I/O2,USB_CC2,USBLC6-2SC6,False
U102,4,I/O2,USB_CC2,USBLC6-2SC6,False
U102,5,VBUS,USB_VBUS,USBLC6-2SC6,False
U102,6,I/O1,USB_CC1,USBLC6-2SC6,False
U103,1,VIN,USB_VBUS,AP2112K-3.3TRG1,False
U103,2,GND,GND,AP2112K-3.3TRG1,False
U103,3,EN,USB_VBUS,AP2112K-3.3TRG1,False
U103,4,NC,,AP2112K-3.3TRG1,False
U103,5,VOUT,USB_3V3,AP2112K-3.3TRG1,False
U104,1,XCSI,XTAL_IN,FT232HL (rev C),False
U104,10,GND,GND,FT232HL (rev C),False
U104,11,GND,GND,FT232HL (rev C),False
U104,12,VCCIO,USB_3V3,FT232HL (rev C),False
U104,13,ADBUS0,FT_TCK,FT232HL (rev C),False
U104,14,ADBUS1,FT_TDI,FT232HL (rev C),False
U104,15,ADBUS2,FT_TDO,FT232HL (rev C),False
U104,16,ADBUS3,FT_TMS,FT232HL (rev C),False
U104,17,ADBUS4,,FT232HL (rev C),False
U104,18,ADBUS5,,FT232HL (rev C),False
U104,19,ADBUS6,,FT232HL (rev C),False
U104,2,XCSO,XTAL_OUT,FT232HL (rev C),False
U104,20,ADBUS7,,FT232HL (rev C),False
U104,21,ACBUS0,,FT232HL (rev C),False
U104,22,GND,GND,FT232HL (rev C),False
U104,23,GND,GND,FT232HL (rev C),False
U104,24,VCCIO,USB_3V3,FT232HL (rev C),False
U104,25,ACBUS1,,FT232HL (rev C),False
U104,26,ACBUS2,,FT232HL (rev C),False
U104,27,ACBUS3,,FT232HL (rev C),False
U104,28,ACBUS4,,FT232HL (rev C),False
U104,29,ACBUS5,,FT232HL (rev C),False
U104,3,VPHY,FT_VPHY,FT232HL (rev C),False
U104,30,ACBUS6,JTAG_OE_N,FT232HL (rev C),False
U104,31,ACBUS7,,FT232HL (rev C),False
U104,32,ACBUS8,,FT232HL (rev C),False
U104,33,ACBUS9,,FT232HL (rev C),False
U104,34,~{RESET},FT_RESET_N,FT232HL (rev C),False
U104,35,GND,GND,FT232HL (rev C),False
U104,36,GND,GND,FT232HL (rev C),False
U104,37,VCCA,FT_1V8A,FT232HL (rev C),False
U104,38,VCCCORE,FT_1V8CORE,FT232HL (rev C),False
U104,39,VCCD,USB_3V3,FT232HL (rev C),False
U104,4,AGND,GND,FT232HL (rev C),False
U104,40,VREGIN,USB_3V3,FT232HL (rev C),False
U104,41,AGND,GND,FT232HL (rev C),False
U104,42,TEST,GND,FT232HL (rev C),False
U104,43,EEDATA,EE_DATA,FT232HL (rev C),False
U104,44,EECLK,EE_CLK,FT232HL (rev C),False
U104,45,EECS,EE_CS,FT232HL (rev C),False
U104,46,VCCIO,USB_3V3,FT232HL (rev C),False
U104,47,GND,GND,FT232HL (rev C),False
U104,48,GND,GND,FT232HL (rev C),False
U104,5,REF,FT_REF,FT232HL (rev C),False
U104,6,DM,USB_DM,FT232HL (rev C),False
U104,7,DP,USB_DP,FT232HL (rev C),False
U104,8,VPLL,FT_VPLL,FT232HL (rev C),False
U104,9,AGND,GND,FT232HL (rev C),False
U105,16,VCCA,USB_3V3,SN74AXC4T774PWR,False
U105,15,VCCB,TARGET_VREF,SN74AXC4T774PWR,False
U105,3,A1,FT_TCK,SN74AXC4T774PWR,False
U105,14,B1,TCK_DRV,SN74AXC4T774PWR,False
U105,4,A2,FT_TDI,SN74AXC4T774PWR,False
U105,13,B2,TDI_DRV,SN74AXC4T774PWR,False
U105,5,A3,FT_TDO,SN74AXC4T774PWR,False
U105,12,B3,TDO_RCV,SN74AXC4T774PWR,False
U105,6,A4,FT_TMS,SN74AXC4T774PWR,False
U105,11,B4,TMS_DRV,SN74AXC4T774PWR,False
U105,1,DIR1,USB_3V3,SN74AXC4T774PWR,False
U105,2,DIR2,USB_3V3,SN74AXC4T774PWR,False
U105,7,DIR3,GND,SN74AXC4T774PWR,False
U105,8,DIR4,USB_3V3,SN74AXC4T774PWR,False
U105,9,~{OE},JTAG_OE_N,SN74AXC4T774PWR,False
U105,10,GND,GND,SN74AXC4T774PWR,False
J102,1,Pin_1,TARGET_VREF,JTAG_SERVICE,False
J102,2,Pin_2,GND,JTAG_SERVICE,False
J102,3,Pin_3,JTAG_TCK,JTAG_SERVICE,False
J102,4,Pin_4,JTAG_TDI,JTAG_SERVICE,False
J102,5,Pin_5,JTAG_TDO,JTAG_SERVICE,False
J102,6,Pin_6,JTAG_TMS,JTAG_SERVICE,False
Y101,1,1,XTAL_IN,ABM3B-12.000MHZ-10-1-U-T,False
Y101,2,G,GND,ABM3B-12.000MHZ-10-1-U-T,False
Y101,3,3,XTAL_OUT,ABM3B-12.000MHZ-10-1-U-T,False
Y101,4,G,GND,ABM3B-12.000MHZ-10-1-U-T,False
U106,1,DO,EE_DO,93AA56BT-I/OT (DNP),True
U106,2,Vss,GND,93AA56BT-I/OT (DNP),True
U106,3,DI,EE_DATA,93AA56BT-I/OT (DNP),True
U106,4,CLK,EE_CLK,93AA56BT-I/OT (DNP),True
U106,5,CS,EE_CS,93AA56BT-I/OT (DNP),True
U106,6,Vсс,USB_3V3,93AA56BT-I/OT (DNP),True
R103,1,~,FT_REF,12k 1%,False
R103,2,~,GND,12k 1%,False
R104,1,~,USB_3V3,12k,False
R104,2,~,FT_RESET_N,12k,False
R105,1,~,USB_3V3,10k,False
R105,2,~,JTAG_OE_N,10k,False
R106,1,~,EE_DO,2.2k,False
R106,2,~,EE_DATA,2.2k,False
R107,1,~,USB_3V3,10k,False
R107,2,~,EE_DO,10k,False
R108,1,~,TCK_DRV,33,False
R108,2,~,JTAG_TCK,33,False
R109,1,~,TDI_DRV,33,False
R109,2,~,JTAG_TDI,33,False
R110,1,~,TDO_RCV,33,False
R110,2,~,JTAG_TDO,33,False
R111,1,~,TMS_DRV,33,False
R111,2,~,JTAG_TMS,33,False
R112,1,~,JTAG_TCK,10k,False
R112,2,~,GND,10k,False
R113,1,~,TARGET_VREF,10k,False
R113,2,~,JTAG_TDI,10k,False
R114,1,~,TARGET_VREF,10k,False
R114,2,~,JTAG_TMS,10k,False
C101,1,~,USB_VBUS,4.7uF 10V,False
C101,2,~,GND,4.7uF 10V,False
C102,1,~,USB_VBUS,1uF 10V,False
C102,2,~,GND,1uF 10V,False
C103,1,~,USB_3V3,4.7uF 10V,False
C103,2,~,GND,4.7uF 10V,False
C104,1,~,FT_VPHY,100nF,False
C104,2,~,GND,100nF,False
C105,1,~,FT_VPLL,100nF,False
C105,2,~,GND,100nF,False
C106,1,~,USB_3V3,100nF,False
C106,2,~,GND,100nF,False
C107,1,~,USB_3V3,100nF,False
C107,2,~,GND,100nF,False
C108,1,~,USB_3V3,100nF,False
C108,2,~,GND,100nF,False
C109,1,~,USB_3V3,100nF,False
C109,2,~,GND,100nF,False
C110,1,~,FT_1V8A,100nF,False
C110,2,~,GND,100nF,False
C111,1,~,FT_1V8CORE,100nF,False
C111,2,~,GND,100nF,False
C112,1,~,USB_3V3,100nF,False
C112,2,~,GND,100nF,False
C113,1,~,TARGET_VREF,100nF,False
C113,2,~,GND,100nF,False
C114,1,~,USB_3V3,100nF,False
C114,2,~,GND,100nF,False
C115,1,~,XTAL_IN,11pF C0G (tune),False
C115,2,~,GND,11pF C0G (tune),False
C116,1,~,XTAL_OUT,11pF C0G (tune),False
C116,2,~,GND,11pF C0G (tune),False
L101,1,1,USB_3V3,470R @ 100MHz,False
L101,2,2,FT_VPHY,470R @ 100MHz,False
L102,1,1,USB_3V3,470R @ 100MHz,False
L102,2,2,FT_VPLL,470R @ 100MHz,False
#FLG101,1,,USB_VBUS,PWR_FLAG,False
#FLG102,1,,GND,PWR_FLAG,False
#FLG103,1,,TARGET_VREF,PWR_FLAG,False
#FLG104,1,,FT_VPHY,PWR_FLAG,False
#FLG105,1,,FT_VPLL,PWR_FLAG,False
