pin,x_mm,y_mm,width_mm,height_mm,drill_x_mm,drill_y_mm,layers,net
1,180.0,131.0,1.5,7.0,0.0,0.0,B.Cu,GND
2,177.5,131.0,1.5,7.0,0.0,0.0,B.Cu,GND
3,175.0,131.0,1.5,7.0,0.0,0.0,B.Cu,N64_AD15
4,172.5,131.0,1.5,7.0,0.0,0.0,B.Cu,N64_AD14
5,170.0,131.0,1.5,7.0,0.0,0.0,B.Cu,N64_AD13
6,167.5,131.0,1.5,7.0,0.0,0.0,B.Cu,GND
7,165.0,131.0,1.5,7.0,0.0,0.0,B.Cu,N64_AD12
8,162.5,131.0,1.5,7.0,0.0,0.0,B.Cu,~{N64_WRITE}
9,160.0,131.0,1.5,7.0,0.0,0.0,B.Cu,N64_3V3
10,157.5,131.0,1.5,7.0,0.0,0.0,B.Cu,~{N64_READ}
11,155.0,131.0,1.5,7.0,0.0,0.0,B.Cu,N64_AD11
12,152.5,131.0,1.5,7.0,0.0,0.0,B.Cu,N64_AD10
13,150.0,131.0,1.5,7.0,0.0,0.0,B.Cu,unconnected-(J_N1-12V-Pad13)
14,147.5,131.0,1.5,7.0,0.0,0.0,B.Cu,unconnected-(J_N1-KEY-Pad14)
15,145.0,131.0,1.5,7.0,0.0,0.0,B.Cu,N64_AD9
16,142.5,131.0,1.5,7.0,0.0,0.0,B.Cu,N64_AD8
17,140.0,131.0,1.5,7.0,0.0,0.0,B.Cu,N64_3V3
18,137.5,131.0,1.5,7.0,0.0,0.0,B.Cu,N64_CIC_DATA
19,135.0,131.0,1.5,7.0,0.0,0.0,B.Cu,N64_PIF_CLK
20,132.5,131.0,1.5,7.0,0.0,0.0,B.Cu,~{N64_RESET}
21,130.0,131.0,1.5,7.0,0.0,0.0,B.Cu,N64_JOYBUS
22,127.5,131.0,1.5,7.0,0.0,0.0,B.Cu,GND
23,125.0,131.0,1.5,7.0,0.0,0.0,B.Cu,GND
24,122.5,131.0,1.5,7.0,0.0,0.0,B.Cu,unconnected-(J_N1-AUDIO_L-Pad24)
25,120.0,131.0,1.5,7.0,0.0,0.0,B.Cu,GND
26,180.0,131.0,1.5,7.0,0.0,0.0,F.Cu,GND
27,177.5,131.0,1.5,7.0,0.0,0.0,F.Cu,GND
28,175.0,131.0,1.5,7.0,0.0,0.0,F.Cu,N64_AD0
29,172.5,131.0,1.5,7.0,0.0,0.0,F.Cu,N64_AD1
30,170.0,131.0,1.5,7.0,0.0,0.0,F.Cu,N64_AD2
31,167.5,131.0,1.5,7.0,0.0,0.0,F.Cu,GND
32,165.0,131.0,1.5,7.0,0.0,0.0,F.Cu,N64_AD3
33,162.5,131.0,1.5,7.0,0.0,0.0,F.Cu,N64_ALEL
34,160.0,131.0,1.5,7.0,0.0,0.0,F.Cu,N64_3V3
35,157.5,131.0,1.5,7.0,0.0,0.0,F.Cu,N64_ALEH
36,155.0,131.0,1.5,7.0,0.0,0.0,F.Cu,N64_AD4
37,152.5,131.0,1.5,7.0,0.0,0.0,F.Cu,N64_AD5
38,150.0,131.0,1.5,7.0,0.0,0.0,F.Cu,unconnected-(J_N1-12V-Pad38)
39,147.5,131.0,1.5,7.0,0.0,0.0,F.Cu,unconnected-(J_N1-KEY-Pad39)
40,145.0,131.0,1.5,7.0,0.0,0.0,F.Cu,N64_AD6
41,142.5,131.0,1.5,7.0,0.0,0.0,F.Cu,N64_AD7
42,140.0,131.0,1.5,7.0,0.0,0.0,F.Cu,N64_3V3
43,137.5,131.0,1.5,7.0,0.0,0.0,F.Cu,N64_CIC_CLK
44,135.0,131.0,1.5,7.0,0.0,0.0,F.Cu,~{N64_INT}
45,132.5,131.0,1.5,7.0,0.0,0.0,F.Cu,~{N64_NMI}
46,130.0,131.0,1.5,7.0,0.0,0.0,F.Cu,N64_VIDEO_SYNC
47,127.5,131.0,1.5,7.0,0.0,0.0,F.Cu,GND
48,125.0,131.0,1.5,7.0,0.0,0.0,F.Cu,GND
49,122.5,131.0,1.5,7.0,0.0,0.0,F.Cu,unconnected-(J_N1-AUDIO_R-Pad49)
50,120.0,131.0,1.5,7.0,0.0,0.0,F.Cu,GND
