Ref,Val,Package,PosX,PosY,Rot,Side
"C1","100nF 16V X7R","C_0603_1608Metric",16.200000,11.600000,0.000000,bottom
"C2","100nF 16V X7R","C_0603_1608Metric",12.600000,11.600000,0.000000,bottom
"C3","100nF 16V X7R","C_0603_1608Metric",9.000000,11.600000,0.000000,bottom
"C4","100nF 16V X7R","C_0603_1608Metric",5.399999,11.600000,0.000000,bottom
"C5","100nF 16V X7R","C_0603_1608Metric",1.799999,11.600000,0.000000,bottom
"C6","100nF 16V X7R","C_0603_1608Metric",-1.800000,11.600000,0.000000,bottom
"C7","100nF 16V X7R","C_0603_1608Metric",-5.400000,11.600000,0.000000,bottom
"C8","100nF 16V X7R","C_0603_1608Metric",-9.000000,11.600000,0.000000,bottom
"C9","10uF 10V X5R","C_0805_2012Metric",-12.600000,11.600000,0.000000,bottom
"C10","10uF 10V X5R","C_0805_2012Metric",-16.200000,11.600000,0.000000,bottom
"C11","100nF 16V X7R","C_0603_1608Metric",16.200000,32.400001,0.000000,bottom
"C12","100nF 16V X7R","C_0603_1608Metric",12.600000,32.400001,0.000000,bottom
"C13","10uF 10V X5R","C_0805_2012Metric",9.000000,32.400001,0.000000,bottom
"C14","100nF 16V X7R","C_0603_1608Metric",5.399999,32.400001,0.000000,bottom
"C15","100nF 16V X7R","C_0603_1608Metric",1.799999,32.400001,0.000000,bottom
"C16","100nF 16V X7R","C_0603_1608Metric",-1.800000,32.400001,0.000000,bottom
"C17","100nF 16V X7R","C_0603_1608Metric",-5.400000,32.400001,0.000000,bottom
"C18","100nF 16V X7R","C_0603_1608Metric",-9.000000,32.400001,0.000000,bottom
"C19","100nF 16V X7R","C_0603_1608Metric",-12.600000,32.400001,0.000000,bottom
"C20","100nF 16V X7R","C_0603_1608Metric",-16.200000,32.400001,0.000000,bottom
"C21","100nF 16V X7R","C_0603_1608Metric",16.200000,34.800000,0.000000,bottom
"C22","100nF 16V X7R","C_0603_1608Metric",12.600000,34.800000,0.000000,bottom
"C23","100nF 16V X7R","C_0603_1608Metric",9.000000,34.800000,0.000000,bottom
"C24","100nF 16V X7R","C_0603_1608Metric",5.399999,34.800000,0.000000,bottom
"C25","100nF 16V X7R","C_0603_1608Metric",1.799999,34.800000,0.000000,bottom
"C26","100nF 16V X7R","C_0603_1608Metric",-1.800000,34.800000,0.000000,bottom
"C27","100nF 16V X7R","C_0603_1608Metric",-5.400000,34.800000,0.000000,bottom
"C28","10uF 10V X5R","C_0805_2012Metric",-9.000000,34.800000,0.000000,bottom
"C29","10uF 10V X5R","C_0805_2012Metric",-12.600000,34.800000,0.000000,bottom
"C30","10uF 10V X5R","C_0805_2012Metric",-16.200000,34.800000,0.000000,bottom
"C31","100nF","C_0603_1608Metric",23.905000,30.163000,90.000000,bottom
"C32","100nF","C_0603_1608Metric",-25.700000,9.175000,180.000000,bottom
"C34","1uF","C_0603_1608Metric",-14.500000,18.500000,0.000000,bottom
"C36","1uF","C_0603_1608Metric",-42.500000,36.000000,0.000000,bottom
"C37","1nF C0G","C_0603_1608Metric",-11.000000,19.000000,0.000000,bottom
"C38","1uF","C_0603_1608Metric",-42.500000,34.000000,0.000000,bottom
"C39","1nF C0G","C_0603_1608Metric",-11.000000,21.500000,0.000000,bottom
"C40","1uF","C_0603_1608Metric",-19.000000,22.500000,0.000000,bottom
"C41","100nF 16V X7R","C_0603_1608Metric",-38.000000,25.700000,180.000000,bottom
"C42","100nF 16V X7R","C_0603_1608Metric",-38.000000,27.300000,0.000000,bottom
"C43","100nF 16V X7R","C_0603_1608Metric",-45.400000,20.500000,0.000000,bottom
"C44","47pF 50V C0G","C_0603_1608Metric",-46.500000,36.400000,0.000000,bottom
"C45","47pF 50V C0G","C_0603_1608Metric",-46.500000,31.600000,0.000000,bottom
"C201","100nF","C_0603_1608Metric",39.500000,42.288000,90.000000,bottom
"C202","100nF","C_0603_1608Metric",38.750000,45.962000,-90.000000,bottom
"C203","100nF","C_0603_1608Metric",13.250000,41.538000,180.000000,bottom
"C204","100nF","C_0603_1608Metric",14.000000,46.462000,180.000000,bottom
"C205","100nF","C_0603_1608Metric",-8.500000,39.288000,0.000000,bottom
"C206","100nF","C_0603_1608Metric",-8.750000,47.462000,90.000000,bottom
"C207","100nF","C_0603_1608Metric",-34.000000,39.288000,180.000000,bottom
"C209","22uF 10V","C_0805_2012Metric",-26.500000,54.000000,0.000000,bottom
"C210","22uF 10V","C_0805_2012Metric",-32.000000,54.000000,180.000000,bottom
"C213","100nF","C_0603_1608Metric",32.500000,39.538000,180.000000,bottom
"C214","100nF","C_0603_1608Metric",31.750000,46.712000,180.000000,bottom
"C215","100nF","C_0603_1608Metric",8.500000,38.538000,180.000000,bottom
"C216","100nF","C_0603_1608Metric",10.000000,46.462000,0.000000,bottom
"C218","100nF","C_0603_1608Metric",-13.000000,46.712000,0.000000,bottom
"C219","100nF","C_0603_1608Metric",-39.500000,39.288000,180.000000,bottom
"C220","100nF","C_0603_1608Metric",-39.750000,46.712000,180.000000,bottom
"C302","1uF 10V","C_0603_1608Metric",28.500000,18.500000,0.000000,bottom
"C303","10nF","C_0603_1608Metric",-32.000000,8.400000,180.000000,bottom
"C314","6.8pF C0G","C_0603_1608Metric",-33.000000,22.400000,180.000000,bottom
"C315","6.8pF C0G","C_0603_1608Metric",-42.600000,16.700000,180.000000,bottom
"D1","LED yellow-green 0603","LED_0603_1608Metric",11.000000,14.000000,0.000000,bottom
"R1","33","R_0603_1608Metric",14.000000,25.500000,0.000000,bottom
"R2","1k","R_0603_1608Metric",20.500000,28.500000,0.000000,bottom
"R3","4.7k","R_0603_1608Metric",20.000000,31.000000,0.000000,bottom
"R4","10k","R_0603_1608Metric",20.000000,33.000000,0.000000,bottom
"R5","10k","R_0603_1608Metric",17.500000,24.500000,0.000000,bottom
"R6","4.7k","R_0603_1608Metric",14.500000,21.500000,0.000000,bottom
"R7","4.7k","R_0603_1608Metric",-17.500000,30.000000,0.000000,bottom
"R8","4.7k","R_0603_1608Metric",14.500000,19.500000,0.000000,bottom
"R9","4.7k","R_0603_1608Metric",18.000000,22.500000,0.000000,bottom
"R10","10k","R_0603_1608Metric",11.000000,21.000000,0.000000,bottom
"R11","10k","R_0603_1608Metric",11.000000,19.000000,0.000000,bottom
"R12","4.7k","R_0603_1608Metric",14.000000,23.500000,0.000000,bottom
"R13","4.7k","R_0603_1608Metric",17.000000,28.500000,0.000000,bottom
"R14","4.7k","R_0603_1608Metric",17.500000,26.500000,0.000000,bottom
"R15","649k 1%","R_0603_1608Metric",-24.600000,20.600000,0.000000,bottom
"R16","100k 1%","R_0603_1608Metric",-24.600000,22.200000,0.000000,bottom
"R18","1k","R_0603_1608Metric",11.000000,16.000000,0.000000,bottom
"R19","27","R_0603_1608Metric",-46.500000,34.800000,0.000000,bottom
"R20","27","R_0603_1608Metric",-46.500000,33.200000,0.000000,bottom
"R22","4.7k","R_0603_1608Metric",-11.000000,15.000000,0.000000,bottom
"R23","4.7k","R_0603_1608Metric",-14.500000,16.000000,0.000000,bottom
"R24","10k 1%","R_0603_1608Metric",-14.500000,14.000000,0.000000,bottom
"R25","10k 1%","R_0603_1608Metric",-18.000000,15.000000,0.000000,bottom
"R26","20k 1%","R_0603_1608Metric",24.500000,18.000000,0.000000,bottom
"R27","10k 1%","R_0603_1608Metric",14.500000,17.000000,0.000000,bottom
"R28","20k 1%","R_0603_1608Metric",-18.000000,17.000000,0.000000,bottom
"R29","10k 1%","R_0603_1608Metric",-20.000000,13.000000,0.000000,bottom
"R30","20k 1%","R_0603_1608Metric",-21.500000,16.500000,0.000000,bottom
"R31","10k 1%","R_0603_1608Metric",-21.500000,18.500000,0.000000,bottom
"R32","10k 1%","R_0603_1608Metric",-14.500000,26.500000,0.000000,bottom
"R33","10k","R_0603_1608Metric",-24.500000,27.000000,0.000000,bottom
"R34","10k","R_0603_1608Metric",-15.500000,22.500000,0.000000,bottom
"R35","10k","R_0603_1608Metric",-11.000000,23.500000,0.000000,bottom
"R36","10k","R_0603_1608Metric",-24.500000,29.000000,0.000000,bottom
"R37","10k","R_0603_1608Metric",-16.000000,24.500000,0.000000,bottom
"R38","10k","R_0603_1608Metric",-11.000000,25.500000,0.000000,bottom
"R39","10k","R_0603_1608Metric",-19.500000,24.500000,0.000000,bottom
"R40","10k","R_0603_1608Metric",-18.000000,26.500000,0.000000,bottom
"R41","4.7k","R_0603_1608Metric",-41.900000,20.500000,180.000000,bottom
"R202","10k","R_0603_1608Metric",-23.500000,38.000000,0.000000,bottom
"R203","10k","R_0603_1608Metric",-23.500000,40.000000,0.000000,bottom
"R204","10k","R_0603_1608Metric",-27.000000,38.000000,0.000000,bottom
"R205","4.7k","R_0603_1608Metric",-32.500000,44.500000,0.000000,bottom
"R206","4.7k","R_0603_1608Metric",-32.500000,47.500000,0.000000,bottom
"R207","4.7k","R_0603_1608Metric",-36.500000,47.500000,0.000000,bottom
"R208","4.7k","R_0603_1608Metric",-21.500000,48.000000,0.000000,bottom
"R209","10k","R_0603_1608Metric",0.500000,48.000000,0.000000,bottom
"R210","100k","R_0603_1608Metric",14.000000,38.000000,0.000000,bottom
"R211","100k","R_0603_1608Metric",-12.000000,38.000000,0.000000,bottom
"R212","100k","R_0603_1608Metric",-16.500000,38.000000,0.000000,bottom
"R213","100k","R_0603_1608Metric",-18.000000,40.000000,0.000000,bottom
"R214","100k","R_0603_1608Metric",-39.000000,41.900000,180.000000,bottom
"R301","5.1k 1%","R_0603_1608Metric",26.000000,20.500000,0.000000,bottom
"R302","5.1k 1%","R_0603_1608Metric",26.000000,16.000000,0.000000,bottom
"R303","274k 1%","R_0603_1608Metric",-28.200000,2.000000,180.000000,bottom
"R304","100k 1%","R_0603_1608Metric",-28.200000,3.600000,180.000000,bottom
"R305","182k 1%","R_0603_1608Metric",-33.000000,2.000000,0.000000,bottom
"R306","100k 1%","R_0603_1608Metric",-33.000000,3.600000,0.000000,bottom
"R307","44.2k 1%","R_0603_1608Metric",-28.800000,8.400000,180.000000,bottom
"R308","10k","R_0603_1608Metric",-28.200000,6.700000,180.000000,bottom
"R309","232k 0.1%","R_0603_1608Metric",-41.500000,11.100000,0.000000,bottom
"R310","44.2k 0.1%","R_0603_1608Metric",-41.500000,12.700000,0.000000,bottom
"R311","100k","R_0603_1608Metric",-37.100000,12.700000,180.000000,bottom
"R312","459k 0.1%","R_0603_1608Metric",-33.000000,24.000000,180.000000,bottom
"R313","102k 0.1%","R_0603_1608Metric",-36.200000,24.000000,0.000000,bottom
"R315","100k 0.1%","R_0603_1608Metric",-42.600000,18.300000,180.000000,bottom
"R316","120k 0.1%","R_0603_1608Metric",-45.800000,18.300000,0.000000,bottom
"R318","24.9k 1%","R_0603_1608Metric",-32.100000,15.600000,180.000000,bottom
"R319","100k","R_0603_1608Metric",-37.900000,17.300000,0.000000,bottom
"R320","10k","R_0603_1608Metric",-32.100000,17.300000,180.000000,bottom
"R321","10k","R_0603_1608Metric",-35.100000,10.800000,180.000000,bottom
"RT1","NTC 10k B3950 0603","R_0603_1608Metric",-11.000000,27.500000,0.000000,bottom
"U13","FT231XS-R","SSOP-20_3.9x8.7mm_P0.635mm",-43.100000,26.000000,0.000000,bottom
"C33","100nF","C_0603_1608Metric",-23.600000,17.400000,0.000000,top
"C35","1uF","C_0603_1608Metric",-14.750000,20.450000,180.000000,top
"C46","1uF","C_0603_1608Metric",-17.250000,17.250000,180.000000,top
"C208","100nF","C_0603_1608Metric",-35.500000,49.462000,180.000000,top
"C211","100nF","C_0603_1608Metric",-40.112000,29.300000,-90.000000,top
"C212","10uF 10V","C_0805_2012Metric",-36.600000,2.450000,180.000000,top
"C217","100nF","C_0603_1608Metric",-15.000000,37.038000,180.000000,top
"C301","2.2uF 10V","C_0805_2012Metric",-45.500000,37.000000,180.000000,top
"C304","4.7uF 10V","C_0805_2012Metric",-27.300000,2.049999,0.000000,top
"C305","10uF 10V","C_0805_2012Metric",-33.600000,2.900000,-90.000000,top
"C306","10uF 10V","C_0805_2012Metric",-27.500000,5.800000,-90.000000,top
"C307","100nF","C_0603_1608Metric",-39.500000,12.300000,180.000000,top
"C308","10uF 25V","C_0805_2012Metric",-30.300000,7.900000,0.000000,top
"C309","22uF 25V","C_0805_2012Metric",-33.450000,8.050000,-90.000000,top
"C310","22uF 10V","C_0805_2012Metric",-43.550000,8.050000,-90.000000,top
"C311","22uF 10V","C_0805_2012Metric",-45.700000,11.200000,90.000000,top
"C312","22uF 10V","C_0805_2012Metric",-33.150000,25.200000,90.000000,top
"C313","22uF 10V","C_0805_2012Metric",-42.750000,19.500000,90.000000,top
"C316","22uF 10V","C_0805_2012Metric",-33.700000,21.000000,-90.000000,top
"C317","22uF 10V","C_0805_2012Metric",-31.600000,21.000000,-90.000000,top
"C318","22uF 10V","C_0805_2012Metric",-43.300000,15.300000,-90.000000,top
"C319","22uF 10V","C_0805_2012Metric",-41.200000,15.300000,-90.000000,top
"C320","1uF 10V","C_0603_1608Metric",-28.875000,18.550000,0.000000,top
"C321","4.7uF 10V","C_0805_2012Metric",-28.400000,24.650000,0.000000,top
"C322","100nF","C_0603_1608Metric",-37.950000,16.075000,-90.000000,top
"C323","10uF 10V","C_0805_2012Metric",-31.850000,15.600000,-90.000000,top
"C324","10uF 25V","C_0603_1608Metric",-35.300000,8.225000,-90.000000,top
"C325","10uF 25V","C_0603_1608Metric",-41.700000,8.225000,-90.000000,top
"J101","DX07S016JA3R1500","USB_C_JAE_DX07S016JA3R1500",-52.400000,32.500000,-90.000000,top
"L1","1.5uH PNR4020-1R5M","L_APV_PNR4020",-38.500000,5.600000,180.000000,top
"L2","2.2uH FNR4030S2R2MT","L_Changjiang_FNR4030S",-37.600000,21.000000,0.000000,top
"L3","2.2uH FNR4030S2R2MT","L_Changjiang_FNR4030S",-47.200000,15.300000,0.000000,top
"R17","10k","R_0603_1608Metric",-19.750000,18.750000,90.000000,top
"U1","LFE5U-85F-8BG381I","Lattice_caBGA-381_17x17mm_Layout20x20_P0.8mm",0.000000,22.000000,180.000000,top
"U2","W25Q128JVSIQ","SOIC-8_5.3x5.3mm_P1.27mm",22.000000,33.000000,-90.000000,top
"U3","TPS3808G01DBVR","SOT-23-6",-23.200000,20.000000,180.000000,top
"U4","USBLC6-2SC6","SOT-23-6",-45.500000,32.500000,0.000000,top
"U6","TLA2528IRTER","WQFN-16-1EP_3x3mm_P0.5mm_EP1.68x1.68mm",-13.500000,17.000000,180.000000,top
"U7","TPS2121RUXR","Texas_VQFN-HR-12_2x2.5mm_P0.5mm",-30.600000,4.200000,0.000000,top
"U8","TPS63070RNMR","Texas_RNM0015A_VQFN-HR-15_2.5x3mm",-38.500000,9.500000,-90.000000,top
"U9","TLV62569DBVR","SOT-23-5",-36.300000,25.200000,0.000000,top
"U10","TLV62569DBVR","SOT-23-5",-45.900000,19.500000,0.000000,top
"U11","AP2112K-2.5TRG1","SOT-23-5",-28.400000,21.500000,90.000000,top
"U12","TPS2553DBVR","SOT-23-6",-35.000000,15.600000,0.000000,top
"U201","SN74ALVC164245DGGR","TSSOP-48_6.1x12.5mm_P0.5mm",36.000000,43.000000,-90.000000,top
"U202","SN74ALVC164245DGGR","TSSOP-48_6.1x12.5mm_P0.5mm",12.000000,43.000000,-90.000000,top
"U203","SN74ALVC164245DGGR","TSSOP-48_6.1x12.5mm_P0.5mm",-12.000000,43.000000,-90.000000,top
"U204","SN74ALVC164245DGGR","TSSOP-48_6.1x12.5mm_P0.5mm",-36.000000,43.000000,-90.000000,top
"U205","SN74LVC07APWR","TSSOP-14_4.4x5mm_P0.65mm",-39.000000,34.000000,180.000000,top
"X1","27MHz 1631-27005-BTBEYA","Oscillator_SMD_Abracon_ASE-4Pin_3.2x2.5mm",-26.000000,10.000000,180.000000,top
