parameter,value_mm,status,source_or_action
shell_length_x,126,CONCEPT,Reserve for measured N64/M64 bay envelope and SNES cartridge width
shell_width_y,78,CONCEPT,Measure host bay and chosen top connector
shell_height_z,30,CONCEPT,Measure PCB plus connector stack and thermal clearance
wall,2.4,CONCEPT,Adjust for print process and material
split_z,0,CONCEPT,Review screw access and connector support
pcb_length_x,111,CONCEPT,Replace with routed PCB outline
pcb_width_y,57,CONCEPT,Replace with routed PCB outline
pcb_thickness,1.6,ASSUMPTION,Confirm PCB stack-up
pcb_clearance_z,2.0,CONCEPT,Increase around FPGA/regulators after thermal estimate
snes_opening_x,66,CONCEPT,Verify chosen female SNES connector and cartridge shell
snes_opening_y,9,CONCEPT,Verify insertion throat and keying
snes_connector_keepout_x,72,CONCEPT,Replace with vendor drawing
snes_connector_keepout_y,18,CONCEPT,Replace with vendor drawing
snes_connector_keepout_z,14,CONCEPT,Replace with vendor drawing
n64_edge_length_x,43,CONCEPT,Verify N64 cartridge contact span and board origin
n64_edge_width_y,4.0,CONCEPT,Verify edge-card thickness, bevel, and insertion depth
n64_edge_drop_z,10,CONCEPT,Verify N64/M64 connector capture and eject motion
usbc_cutout_y,10,CONCEPT,Replace with selected USB-C receptacle panel dimensions
usbc_cutout_z,5,CONCEPT,Replace with selected USB-C receptacle panel dimensions
usbc_center_z,15,CONCEPT,Align to PCB receptacle and cable plug
pcb_boss_diameter,7,CONCEPT,Select screw and insert after PCB mounting-hole review
pcb_boss_height,8,CONCEPT,Set from PCB datum and shell half split
boss_hole_diameter,2.6,CONCEPT,M2.5 pilot shown; select final hardware
